學年,學期,系所名稱,年級,課號,班別,課名,主要教師,選課人數,考試日期,考試時間,教室,備註
107,1,300 工學院          ,1,EG503,A,研究方法與論文寫作,王孝憲,6,2019/1/8,09:10 ~ 12:00,2620,上課
107,1,300 工學院          ,2,EG203,A,M世代資料搜尋與應用,黃麗芬,13,不考, ~ ,,不上課
107,1,302 機械系          ,1,ME215,B,工場實習,何旭川,55,不考, ~ ,,不考
107,1,302 機械系          ,1,ME215,A,工場實習,何旭川,55,不考, ~ ,,不考
107,1,302 機械系          ,1,ME123,A,基礎程式設計實驗（一）,楊大中,73,2019/1/7,09:10 ~ 12:00,3211,電腦教室
107,1,302 機械系          ,1,ME119,B,工程圖學,邱傳聖,58,2019/1/7,14:10 ~ 15:40,5006,電腦教室
107,1,302 機械系          ,1,ME120,B,微積分,江右君,55,2019/1/8,10:10 ~ 12:00,3103,"2班合考70人2間,ME120A.B合考"
107,1,302 機械系          ,1,ME120,A,微積分,江右君,66,2019/1/8,10:10 ~ 12:00,3101,"2班合考70人2間,ME120A.B合考"
107,1,302 機械系          ,1,ME123,B,基礎程式設計實驗（一）,陳傳生,59,2019/1/8,13:10 ~ 14:00,3112,
107,1,302 機械系          ,1,ME119,A,工程圖學,邱傳聖,59,2019/1/8,14:10 ~ 15:40,5006,"電腦教室,2班合考80人2間,ME119A.DE211A合考"
107,1,302 機械系          ,1,ME121,B,機械工程概論,徐澤志,66,2019/1/11,12:00 ~ 13:00,3101,"2班合考,80人2間,ME121A.B合考"
107,1,302 機械系          ,1,ME121,A,機械工程概論,徐澤志,64,2019/1/11,12:00 ~ 13:00,3102,"2班合考,80人2間,ME121A.B合考"
107,1,302 機械系          ,2,ME209,B,熱力學,鐘國濱,72,2019/1/7,10:10 ~ 12:00,70105,與DE213A合考
107,1,302 機械系          ,2,ME201,A,工程數學,林育才,62,2019/1/8,10:10 ~ 12:00,3104,
107,1,302 機械系          ,2,ME117,B,普通物理,楊大中,60,2019/1/8,13:10 ~ 16:00,3114,
107,1,302 機械系          ,2,ME475,A,機械畫,陳永樹,63,2019/1/8,13:10 ~ 15:00,3211,電腦教室
107,1,302 機械系          ,2,ME201,B,工程數學,陳永樹,95,2019/1/9,10:10 ~ 12:00,3110,與DE212A合考
107,1,302 機械系          ,2,ME475,B,機械畫,陳永樹,65,2019/1/9,13:10 ~ 14:00,3107,"筆試,3班合考80人2間,ME475AB.DE214A合考"
107,1,302 機械系          ,2,ME475,A,機械畫,陳永樹,63,2019/1/9,13:10 ~ 14:00,3105,"筆試,3班合考80人2間,ME475AB.DE214A合考"
107,1,302 機械系          ,2,ME117,A,普通物理,余念一,54,2019/1/9,14:10 ~ 16:00,3208,
107,1,302 機械系          ,2,ME475,B,機械畫,陳永樹,65,2019/1/9,14:10 ~ 16:00,3211,"電腦教室,2班合考80人2間,ME475B.DE214A合考"
107,1,302 機械系          ,2,ME303,A,機械製造,李碩仁,83,2019/1/10,10:10 ~ 12:00,3110,
107,1,302 機械系          ,2,ME303,B,機械製造,李碩仁,50,2019/1/10,14:10 ~ 16:00,3208,"2班合考85人3間,ME303B、DE215A合考"
107,1,302 機械系          ,2,ME209,A,熱力學,林育才,65,2019/1/11,10:10 ~ 12:00,3112,
107,1,302 機械系          ,3,ME350,A,實驗（三）: 生醫機械系統,辛和宗,31,不考, ~ ,,不考
107,1,302 機械系          ,3,ME351,B,實驗（四）: 量測與儀器,李其源,30,不考, ~ ,,不考
107,1,302 機械系          ,3,ME351,A,實驗（四）: 量測與儀器,李其源,30,不考, ~ ,,不考
107,1,302 機械系          ,3,ME352,A,實驗（五）: 綠色能源,黃振銘,31,不考, ~ ,,不考
107,1,302 機械系          ,3,ME345,A,數值分析,王謹誠,22,2019/1/7,10:10 ~ 12:00,3105,
107,1,302 機械系          ,3,ME349,A,實驗（二）: 流力與熱傳,蘇艾,30,2019/1/7,10:10 ~ 12:00,3214,
107,1,302 機械系          ,3,ME224,B,電路及電子學,吳昌暉,73,2019/1/7,13:10 ~ 15:00,3103,
107,1,302 機械系          ,3,ME214,A,應用力學動力,楊大中,65,2019/1/8,09:10 ~ 12:00,3114,
107,1,302 機械系          ,3,ME305,B,流體力學,王謹誠,55,2019/1/8,10:10 ~ 12:00,3107,
107,1,302 機械系          ,3,ME224,A,電路及電子學,謝建興,42,2019/1/8,13:10 ~ 15:00,3103,
107,1,302 機械系          ,3,ME348,A,實驗（一）: 材料與固力,何旭川,20,2019/1/8,13:10 ~ 15:00,3207,
107,1,302 機械系          ,3,ME387,A,綠色能源專題實作,翁芳柏,16,2019/1/9,14:10 ~ 16:00,3209,
107,1,302 機械系          ,3,ME305,A,流體力學,翁芳柏,73,2019/1/10,10:10 ~ 12:00,3101,
107,1,302 機械系          ,3,ME301,A,機械設計,徐業良,113,2019/1/10,13:10 ~ 15:00,3110、3112,2間教室
107,1,302 機械系          ,3,ME214,B,應用力學動力,吳昌暉,46,2019/1/11,10:10 ~ 12:00,3103,
107,1,302 機械系          ,3,ME335,A,自動控制,陳傳生,80,2019/1/11,10:10 ~ 12:00,3105、3107,2間教室
107,1,302 機械系          ,3,ME349,B,實驗（二）: 流力與熱傳,蘇艾,28,2019/1/11,10:10 ~ 12:00,3212,
107,1,302 機械系          ,4,ME453,A,半年專業實習,徐澤志,20,不考, ~ ,,不考
107,1,302 機械系          ,4,ME477,A,暑期專業實習,徐澤志,10,不考, ~ ,,不考
107,1,302 機械系          ,4,ME479,A,學士論文,何旭川,65,不考, ~ ,,不考
107,1,302 機械系          ,4,ME480,A,材料之選擇與應用,邱傳聖,57,不考, ~ ,,不考
107,1,302 機械系          ,4,ME442,A,流體機械,楊大中,42,2019/1/7,13:10 ~ 16:00,3101,
107,1,302 機械系          ,4,ME493,A,材料機械行為,余念一,39,2019/1/9,10:10 ~ 12:00,3102,
107,1,302 機械系          ,4,ME495,A,氫能概論,鐘國濱,48,2019/1/9,18:30 ~ 20:20,3114,
107,1,302 機械系          ,4,ME385,A,感測器原理與應用,李其源,54,2019/1/10,14:10 ~ 16:00,3102,
107,1,302 機械系          ,4,ME454,A,能源工程,沈家傑,15,2019/1/11,10:10 ~ 12:00,3209,
107,1,302 機械系          ,4,ME478,A,專利分析,洪永杰,54,2019/1/12,10:10 ~ 12:00,3101,
107,1,303 化材系,1,CH105,A,普通化學暨分析實驗,陳永信,29,不考, ~ ,,不考
107,1,303 化材系,1,CH105,B,普通化學暨分析實驗,陳永信,30,不考, ~ ,,不考
107,1,303 化材系,1,CH125,A,化工與材科概論,吳和生,114,2019/1/7,13:10 ~ 15:00,2103、2105、2111,50人教室3間
107,1,303 化材系,1,CH128,A,普通物理（一）,孫安正,57,2019/1/9,10:10 ~ 12:00,2102、2104、2112,"3班合考,70人3間,與CH128B、DE231A合考"
107,1,303 化材系,1,CH128,B,普通物理（一）,孫安正,58,2019/1/9,10:10 ~ 12:00,2102、2104、2112,"3班合考,70人3間,與CH128B、DE231A合考"
107,1,303 化材系,1,CH130,B,微積分（一）,黃駿,56,2019/1/11,10:10 ~ 12:00,2102、2112、2113,"2班合考,70人3間,與CH130A合考"
107,1,303 化材系,1,CH130,A,微積分（一）,黃駿,58,2019/1/11,10:10 ~ 12:00,2102、2112、2113,"2班合考,70人3間,與CH130B合考"
107,1,303 化材系,1,CH103,A,普通化學,姚少凌,61,2019/1/11,13:10 ~ 15:00,2111、2113、2105,"2班合考,70人3間,與CH103B合考"
107,1,303 化材系,1,CH103,B,普通化學,姚少凌,62,2019/1/11,13:10 ~ 15:00,2105、2111、2113,"2班合考,70人3間,與CH103A合考"
107,1,303 化材系,2,CH226,B,有機與材料化學實驗,林秀麗,27,不考, ~ ,,不考
107,1,303 化材系,2,CH226,A,有機與材料化學實驗,林秀麗,28,不考, ~ ,,不考
107,1,303 化材系,2,CH227,B,物理化學與材料實驗,廖建勛,25,不考, ~ ,,不考
107,1,303 化材系,2,CH227,A,物理化學與材料實驗,黃駿,26,不考, ~ ,,不考
107,1,303 化材系,2,CH335,B,專題研究（一）,黃振球,12,不考, ~ ,,不考
107,1,303 化材系,2,CH335,A,專題研究（一）,洪信國,13,不考, ~ ,,不考
107,1,303 化材系,2,CH232,B,工程數學（一）,洪信國,58,2019/1/7,10:10 ~ 12:00,2603、2606、2619,"2班合考,70人3間,與CH232A合考"
107,1,303 化材系,2,CH232,A,工程數學（一）,洪信國,53,2019/1/7,10:10 ~ 12:00,2603、2606、2619,"2班合考,70人3間,與CH232B合考"
107,1,303 化材系,2,CH228,A,細胞生物學（一）,鄭世隆,39,2019/1/8,10:10 ~ 12:00,2111,原教室考試
107,1,303 化材系,2,CH230,A,有機化學（一）,林秀麗,51,2019/1/9,13:10 ~ 15:00,2102、2112、2113,"3班合考,70人3間,與CH230B、DE232A合考"
107,1,303 化材系,2,CH230,B,有機化學（一）,林秀麗,60,2019/1/9,13:10 ~ 15:00,2102、2112、2113,"3班合考,70人3間,與CH230A、DE232B合考"
107,1,303 化材系,2,CH443,A,化學安全工程,張智凱,62,2019/1/9,18:30 ~ 20:20,2101、2102,70人教室2間
107,1,303 化材系,2,CH213,A,質能均衡,陳永信,57,2019/1/10,15:10 ~ 17:00,2101、2105、2113,"3班合考,70人3間,與CH213B、DE234A合考"
107,1,303 化材系,2,CH213,B,質能均衡,陳永信,57,2019/1/10,15:10 ~ 17:00,2101、2105、2113,"3班合考,70人3間,與CH213A、DE234A合考"
107,1,303 化材系,2,CH234,A,物理化學（一）,王清海,87,2019/1/11,15:10 ~ 17:00,2113、2111、2112,"3班合考,70人3間,與CH234B、DE233A合考"
107,1,303 化材系,2,CH234,B,物理化學（一）,王清海,65,2019/1/11,15:10 ~ 17:00,2111、2112、2113,"3班合考,70人3間,與CH234A、DE233A合考"
107,1,303 化材系,3,CH211,B,儀器分析實驗,孫一明,30,不考, ~ ,,不考
107,1,303 化材系,3,CH211,A,儀器分析實驗,尹庚鳴,30,不考, ~ ,,不考
107,1,303 化材系,3,CH353,B,化工與材料實驗（一）,楊博智,57,不考, ~ ,,不考
107,1,303 化材系,3,CH353,A,化工與材料實驗（一）,楊博智,63,不考, ~ ,,不考
107,1,303 化材系,3,CH446,A,工廠實習,孫安正,14,不考, ~ ,,不考
107,1,303 化材系,3,CH451,A,材料分析技術與應用,洪逸明,38,不考, ~ ,,不考
107,1,303 化材系,3,CH304,A,化工熱力學,藍祺偉,64,2019/1/8,15:10 ~ 17:00,2103、2105、2423,"2班合考,70人3間,與CH304B合考"
107,1,303 化材系,3,CH304,B,化工熱力學,藍祺偉,67,2019/1/8,15:10 ~ 17:00,2103、2105、2423,"2班合考,70人3間,與CH304A合考"
107,1,303 化材系,3,CH465,A,尖端能源技術,陳金銘,89,2019/1/8,18:30 ~ 20:20,2112、2113,70人教室2間
107,1,303 化材系,3,CH344,A,應用生物化學,姚少凌,62,2019/1/9,10:10 ~ 12:00,2604、2619,70人教室2間
107,1,303 化材系,3,CH348,A,儀器分析,黃振球,83,2019/1/9,10:10 ~ 12:00,2423、2113,70人教室2間
107,1,303 化材系,3,CH358,A,藥物化學與藥理概論,楊明道,40,2019/1/9,15:10 ~ 17:00,2101,70人教室1間
107,1,303 化材系,3,CH301,A,輸送現象與單元操作（二）,楊博智,74,2019/1/10,09:10 ~ 12:00,2105、2112、2113,"2班合考,70人3間,與CH301B合考"
107,1,303 化材系,3,CH301,B,輸送現象與單元操作（二）,楊博智,68,2019/1/10,09:10 ~ 12:00,2105、2112、2113,"2班合考,70人3間,與CH301A合考"
107,1,303 化材系,3,CH421,A2,複合材料,廖建勛,76,2019/1/10,13:10 ~ 15:00,2105、2113,70人教室2間
107,1,303 化材系,3,CH336,A,高分子物性,余子隆,83,2019/1/11,10:10 ~ 12:00,2101、2111,70人教室2間
107,1,303 化材系,3,CH334,A,半導體製程,藍文正,44,2019/1/11,18:30 ~ 21:20,2112,原教室考試
107,1,303 化材系,4,CH305,A,程序控制,廖朝光,39,不考, ~ ,,不考
107,1,303 化材系,4,CH404,A,創新工程系統與元件設計,張幼珍,43,不考, ~ ,,不考
107,1,303 化材系,4,CH445,A,專業實習,吳和生,5,不考, ~ ,,不考
107,1,303 化材系,4,CH448,A2,無機材料,傅薈如,63,不考, ~ ,,不考
107,1,303 化材系,4,CH460,A,奈米科技,傅薈如,38,不考, ~ ,,不考
107,1,303 化材系,4,CH420,A,高分子加工,陳永信,83,2019/1/7,16:10 ~ 18:00,2103、2111,70人教室2間
107,1,303 化材系,4,CH440,A,工程管理,郭傳炯,37,2019/1/10,17:10 ~ 20:20,2101,原教室上課
107,1,303 化材系,4,CH340,A,印刷電路板製程,何政恩,75,2019/1/11,18:30 ~ 20:20,2101、2102,70人教室2間
107,1,304 資工系          ,1,CS106,B,程式設計（一）,陳柏豪,80,2019/1/5,13:10 ~ 17:00,1201A、1301B,提前考
107,1,304 資工系          ,1,CS380,B,Ｗｅｂ程式設計,簡廷因,69,2019/1/7,09:10 ~ 12:00,1201A、1301B,需教室兩間
107,1,304 資工系          ,1,CS140,B,資訊概論,賴國華,83,2019/1/7,13:10 ~ 15:00,1401B、1501A,與CS140A合班考試
107,1,304 資工系          ,1,CS140,A,資訊概論,賴國華,88,2019/1/7,13:10 ~ 15:00,1401B、1501A,與CS140B合班考試
107,1,304 資工系          ,1,CS106,A,程式設計（一）,林基成,93,2019/1/7,16:10 ~ 18:00,1401B,
107,1,304 資工系          ,1,CS147,B,微積分（一）,陳淑媛,91,2019/1/8,10:10 ~ 12:00,1102、1211,需教室兩間
107,1,304 資工系          ,1,CS147,A,微積分（一）,黃依賢,70,2019/1/8,10:10 ~ 12:00,1401B、1113,需教室兩間
107,1,304 資工系          ,1,CS380,A,Ｗｅｂ程式設計,歐昱言,63,2019/1/10,10:10 ~ 12:00,1201A,
107,1,304 資工系          ,1,CS152,A,普通物理,杜定賢,87,2019/1/10,18:30 ~ 20:20,1401B、1401A,需教室兩間
107,1,304 資工系          ,1,CS152,B,普通物理,廖原煌,74,2019/1/10,18:30 ~ 20:20,1501B、1109,需教室兩間
107,1,304 資工系          ,2,CS203,A,資料結構,林基成,32,不考, ~ ,,"不考試, 不上課"
107,1,304 資工系          ,2,CS252,A,電子電路學,曾王道,55,2019/1/7,10:10 ~ 12:00,1211、1213,需教室兩間
107,1,304 資工系          ,2,CS229,A,資料通訊概論,黃依賢,148,2019/1/7,13:10 ~ 15:00,60312、60203,需教室兩間
107,1,304 資工系          ,2,CS249,A,視窗程式設計,周志岳,69,2019/1/7,15:10 ~ 18:00,1201A,延長考試時間
107,1,304 資工系          ,2,CS148,A,微積分（二）,許大偉,41,2019/1/8,10:10 ~ 12:00,1401A,
107,1,304 資工系          ,2,CS233,B,線性代數,簡廷因,56,2019/1/8,13:10 ~ 16:00,60105、60203,需教室兩間
107,1,304 資工系          ,2,CS233,A,線性代數,林啟芳,76,2019/1/8,14:10 ~ 16:00,1102、1401B,需教室兩間
107,1,304 資工系          ,2,CS254,A,數位系統實驗（一）,曾王道,50,2019/1/8,18:30 ~ 20:00,1109,一館教室，CS254A、B、C希望能連著
107,1,304 資工系          ,2,CS254,B,數位系統實驗（一）,楊正仁,55,2019/1/8,18:30 ~ 20:00,1111,一館教室，CS254A、B、C希望能連著
107,1,304 資工系          ,2,CS254,C,數位系統實驗（一）,陳勇志,53,2019/1/8,18:30 ~ 20:00,1113,一館教室，CS254A、B、C希望能連著
107,1,304 資工系          ,2,CS203,B,資料結構,陳增益,82,2019/1/9,10:10 ~ 12:00,1102、1401A,與IN202A合班考試
107,1,304 資工系          ,2,CS204,B,數位系統設計,陳勇志,92,2019/1/9,14:10 ~ 16:00,60105、60104,需教室兩間
107,1,304 資工系          ,2,CS107,A,離散數學,姚修慎,70,2019/1/10,10:10 ~ 12:00,1211、1016,需教室兩間
107,1,304 資工系          ,2,CS204,A,數位系統設計,陳聿廣,96,2019/1/10,14:10 ~ 16:00,1501A、1102,需兩間大型教室，與IN204A合班考試
107,1,304 資工系          ,2,CS114,A,程式設計（二）,陳彥安,71,2019/1/11,10:10 ~ 12:00,1201A、1301B,教室已借
107,1,304 資工系          ,3,CS308,A,資訊講座,林啟芳,140,不考, ~ ,,
107,1,304 資工系          ,3,CS341,A,生物學概論,邱昱偉,114,不考, ~ ,,
107,1,304 資工系          ,3,CS309,A,演算法概論,陳柏豪,23,2019/1/3,13:10 ~ 15:00,1401B,提前考
107,1,304 資工系          ,3,CS205,A,工程數學,陳淑媛,32,2019/1/7,10:10 ~ 12:00,1401B,
107,1,304 資工系          ,3,CS226,A,機率與統計,黃毅然,53,2019/1/7,13:10 ~ 15:00,1401A、1109,需教室兩間
107,1,304 資工系          ,3,CS314,A,計算機圖學概論,葉奕成,55,2019/1/7,13:10 ~ 16:00,1301B,上課
107,1,304 資工系          ,3,CS305,A,作業系統概論,楊正仁,45,2019/1/8,10:10 ~ 12:00,3112、3102,需教室兩間
107,1,304 資工系          ,3,CS321,B,編譯程式概論,陳勇志,74,2019/1/8,14:10 ~ 16:00,70204、70203,需教室兩間
107,1,304 資工系          ,3,CS321,A,編譯程式概論,范金鳳,78,2019/1/8,14:10 ~ 16:00,1501A、1401A,需教室兩間
107,1,304 資工系          ,3,CS378,A,超大型積體電路設計導論,曾王道,120,2019/1/8,18:30 ~ 20:20,60312,與CS658A合班考試
107,1,304 資工系          ,3,CS311,A,計算機網路概論,黃毅然,90,2019/1/10,13:10 ~ 15:00,1501B、1401B,需教室兩間
107,1,304 資工系          ,3,CS250,A,組合語言與計算機組織,蔡侑庭,21,2019/1/11,09:10 ~ 12:00,1501B,考試
107,1,304 資工系          ,3,CS379,A,內嵌式系統設計與實習,楊正仁,64,2019/1/11,13:10 ~ 15:00,1201A、1309,需教室兩間
107,1,304 資工系          ,3,CS337,A,雲端運算與服務,陳彥安,49,2019/1/12,10:10 ~ 12:00,1401B,與CS523A合班考試
107,1,304 資工系          ,4,CS400,A,專業實習（一）,系主任等,2,不考, ~ ,,
107,1,304 資工系          ,4,CS415,A,專業實習（二）,系主任等,2,不考, ~ ,,
107,1,304 資工系          ,4,CS416,A,專題製作（一）,系主任等,3,不考, ~ ,,
107,1,304 資工系          ,4,CS417,B,專題製作（二）,系主任等,24,不考, ~ ,,
107,1,304 資工系          ,4,CS417,C,專題製作（二）,系主任等,23,不考, ~ ,,
107,1,304 資工系          ,4,CS417,A,專題製作（二）,系主任等,24,不考, ~ ,,
107,1,304 資工系          ,4,CS426,B,專業實習（三）,系主任等,25,不考, ~ ,,
107,1,304 資工系          ,4,CS426,C,專業實習（三）,系主任等,25,不考, ~ ,,
107,1,304 資工系          ,4,CS426,A,專業實習（三）,系主任等,26,不考, ~ ,,
107,1,304 資工系          ,4,CS427,A,專業實習（四）,系主任等,26,不考, ~ ,,
107,1,304 資工系          ,4,CS427,B,專業實習（四）,系主任等,25,不考, ~ ,,
107,1,304 資工系          ,4,CS427,C,專業實習（四）,系主任等,25,不考, ~ ,,
107,1,304 資工系          ,4,CS428,A,專題製作（三）,系主任等,7,不考, ~ ,,
107,1,304 資工系          ,4,CS460,A,浸潤式資訊課程-國際經驗,陳聿廣,13,不考, ~ ,,
107,1,304 資工系          ,4,CS355,A,網路攻防,陳昱圻,41,2019/1/8,09:10 ~ 12:00,3208,上課
107,1,304 資工系          ,4,CS423,A,網路實習（一）,葉生正,39,2019/1/9,10:10 ~ 12:00,1301B,
107,1,304 資工系          ,4,CS313,A,人機互動設計概論,王任瓚,82,2019/1/10,09:10 ~ 12:00,1401B,上課
107,1,305 工管系,1,IE232,B,問題創意思解,周金枚,28,不考, ~ ,,
107,1,305 工管系,1,IE232,C,問題創意思解,丁慶榮,26,不考, ~ ,,
107,1,305 工管系,1,IE232,D,問題創意思解,周金枚,27,不考, ~ ,,
107,1,305 工管系,1,IE232,A,問題創意思解,丁慶榮,28,不考, ~ ,,
107,1,305 工管系,1,IE109,B,微積分（一）,李捷,53,2019/1/8,13:10 ~ 15:00,2601、2604、2619、2621,"IE109AB,203AB,4班合考"
107,1,305 工管系,1,IE109,A,微積分（一）,李捷,63,2019/1/8,13:10 ~ 15:00,2601、2604、2619、2621,"IE109AB,203AB,4班合考"
107,1,305 工管系,1,IE230,A,工業組織與管理,張厚台,60,2019/1/8,15:10 ~ 17:00,2601、2604、2619、2621,"IE308AB/IE230A,3班合考"
107,1,305 工管系,1,IE101,A,工業工程概論,陳以明,64,2019/1/11,10:10 ~ 12:00,2601、2603、2619、2621,"IE101AB/IE209AB,4班合考"
107,1,305 工管系,1,IE101,B,工業工程概論,陳以明,57,2019/1/11,10:10 ~ 12:00,2601、2603、2619、2621,"IE101AB/IE209AB,4班合考"
107,1,305 工管系,1,IE117,B,資訊概論,李家萱,54,2019/1/11,13:10 ~ 15:00,2601、2603、2619、2621,"IE117AB/IE406AB,4班合考"
107,1,305 工管系,1,IE117,A,資訊概論,李家萱,65,2019/1/11,13:10 ~ 15:00,2601、2603、2619、2621,"IE117AB/IE406AB,4班合考"
107,1,305 工管系,1,IE118,A,資訊概論實務,孫天龍,72,2019/1/11,15:10 ~ 16:00,2601、2603、2619、2621,"IE118AB/IE347A,3班合考"
107,1,305 工管系,1,IE118,B,資訊概論實務,孫天龍,57,2019/1/11,15:10 ~ 16:00,2601、2603、2619、2621,"IE118AB/IE347A,3班合考"
107,1,305 工管系,2,IE243,A,產品設計思維,周金枚,33,不考, ~ ,,
107,1,305 工管系,2,IE423,A,服務業管理概論,陳啟光,51,不考, ~ ,,不考
107,1,305 工管系,2,IE203,A,工程統計,陳雲岫,49,2019/1/8,13:10 ~ 15:00,2601、2604、2619、2621,"IE109AB,203AB,4班合考"
107,1,305 工管系,2,IE203,B,工程統計,陳雲岫,69,2019/1/8,13:10 ~ 15:00,2601、2604、2619、2621,"IE109AB,203AB,4班合考"
107,1,305 工管系,2,IE220,A,人因工程（一）,林瑞豐,56,2019/1/10,13:10 ~ 15:00,2619、2621、2604、2606,IE303AB/IE220AB，4班合考
107,1,305 工管系,2,IE220,B,人因工程（一）,林瑞豐,56,2019/1/10,13:10 ~ 15:00,2619、2621、2604、2606,IE303AB/IE220AB，4班合考
107,1,305 工管系,2,IE209,A,製造程序,鄭元杰,62,2019/1/11,10:10 ~ 12:00,2601、2603、2619、2621,"IE101AB/IE209AB,4班合考"
107,1,305 工管系,2,IE209,B,製造程序,陳俊宏,59,2019/1/11,10:10 ~ 12:00,2601、2603、2619、2621,"IE101AB/IE209AB,4班合考"
107,1,305 工管系,2,IE406,B,資料庫管理系統,任恒毅,58,2019/1/11,13:10 ~ 15:00,2601、2603、2619、2621,"IE117AB/IE406AB,4班合考"
107,1,305 工管系,2,IE406,A,資料庫管理系統,任恒毅,69,2019/1/11,13:10 ~ 15:00,2601、2603、2619、2621,"IE117AB/IE406AB,4班合考"
107,1,305 工管系,2,IE120,A1,ＲＦＩＤ概論,樊晉源,52,2019/1/11,18:30 ~ 21:20,2601,考試
107,1,305 工管系,2,IE356,A,行動應用程式設計與開發,黃士峰,19,2019/1/14,14:10 ~ 17:00,2624,報告
107,1,305 工管系,3,IE347,A,半導體製造工程,黃浚彥,50,不考, ~ ,,不考
107,1,305 工管系,3,IE428,A1,資料分析,黃?,41,不考, ~ ,,
107,1,305 工管系,3,IE237,A,統計建模與電腦化實作,林真如,36,2019/1/7,10:10 ~ 12:00,2624,上機考試
107,1,305 工管系,3,IE350,A,品質管制（含實驗）,鄭春生,64,2019/1/8,09:00 ~ 12:00,2601、2604、2606、2621,IE350AB，2班合考
107,1,305 工管系,3,IE350,B,品質管制（含實驗）,鄭春生,33,2019/1/8,09:00 ~ 12:00,2601、2604、2606、2621,IE350AB，2班合考
107,1,305 工管系,3,IE308,A,工程經濟,胡黃德,70,2019/1/8,15:10 ~ 17:00,2601、2604、2619、2621,"IE308AB/IE230A,3班合考"
107,1,305 工管系,3,IE308,B,工程經濟,胡黃德,44,2019/1/8,15:10 ~ 17:00,2601、2604、2619、2621,"IE308AB/IE230A,3班合考"
107,1,305 工管系,3,IE335,B,生產計劃與管制（一）,蔡啟揚,55,2019/1/10,10:10 ~ 12:00,2601、2603、2619、2621,"IE581A/IE335AB/,3班合考"
107,1,305 工管系,3,IE335,A,生產計劃與管制（一）,蔡啟揚,71,2019/1/10,10:10 ~ 12:00,2601、2603、2619、2621,"IE581A/IE335AB/,3班合考"
107,1,305 工管系,3,IE303,B,作業研究,梁?嘉,52,2019/1/10,13:10 ~ 15:00,2619、2621、2604、2606,IE303AB/IE220AB，4班合考
107,1,305 工管系,3,IE303,A,作業研究,吳政翰,66,2019/1/10,13:10 ~ 15:00,2619、2621、2604、2606,IE303AB/IE220AB，4班合考
107,1,305 工管系,3,IE351,A1,３Ｄ互動數位內容製作,孫天龍,39,2019/1/10,16:00 ~ 19:00,2624,單班考試
107,1,305 工管系,4,IE440,A,畢業專題,系主任等,21,不考, ~ ,,
107,1,305 工管系,4,IE440,B,畢業專題,系主任等,23,不考, ~ ,,
107,1,305 工管系,4,IE440,C,畢業專題,系主任等,24,不考, ~ ,,
107,1,305 工管系,4,IE440,D,畢業專題,系主任等,22,不考, ~ ,,
107,1,305 工管系,4,IE440,E,畢業專題,系主任等,13,不考, ~ ,,
107,1,309 工程英專,1,DE103,A,基礎程式設計實驗（一）,謝建興,31,2019/1/7,15:10 ~ 18:00,3211,電腦教室
107,1,309 工程英專,1,DE106,A,工業工程概論,陳啟光,30,2019/1/8,10:10 ~ 12:00,2104,
107,1,309 工程英專,1,DE107,A,普通化學,姚少凌,30,2019/1/10,13:10 ~ 15:00,2101,
107,1,309 工程英專,1,DE105,A,化工與材科概論,吳和生,35,2019/1/11,10:10 ~ 12:00,2604,
107,1,309 工程英專,1,DE101,A,微積分（一）,黃?,33,2019/1/11,13:10 ~ 15:00,2101,
107,1,309 工程英專,2,DE213,A,熱力學（一）,鐘國濱,12,2019/1/7,10:10 ~ 12:00,70105,與ME209B合考
107,1,309 工程英專,2,DE202,A,數量方法,林真如,9,2019/1/8,10:10 ~ 12:00,2602,
107,1,309 工程英專,2,DE211,A,工程圖學,邱傳聖,12,2019/1/8,14:10 ~ 15:40,5006,"電腦教室,2班合考80人2間,ME119A.DE211A合考"
107,1,309 工程英專,2,DE212,A,工程數學（一）,陳永樹,12,2019/1/9,10:10 ~ 12:00,3110,與ME201B合考
107,1,309 工程英專,2,DE231,A,普通物理（一）,孫安正,9,2019/1/9,10:10 ~ 12:10,2102、2104、2112,"3班合考,70人3間,與CH128AB、DE231A合考"
107,1,309 工程英專,2,DE214,A,機械畫,陳永樹,12,2019/1/9,13:10 ~ 14:00,3107,"筆試,3班合考80人2間,ME475AB.DE214A合考"
107,1,309 工程英專,2,DE232,A,有機化學（一）,林秀麗,10,2019/1/9,13:10 ~ 15:00,2113,"3班合考,70人3間,與CH230AB、DE232A合考"
107,1,309 工程英專,2,DE214,A,機械畫,陳永樹,12,2019/1/9,14:10 ~ 16:00,3211,"電腦教室,2班合考80人2間,ME475B.DE214A合考"
107,1,309 工程英專,2,DE251,A,人因工程（一）,林瑞豐,4,2019/1/10,13:10 ~ 15:00,2619,"IE303AB/IE220AB/ DE251A,5班合考"
107,1,309 工程英專,2,DE215,A,機械製造,李碩仁,11,2019/1/10,14:10 ~ 16:00,3208,"2班合考85人3間,ME303B、DE215A合考"
107,1,309 工程英專,2,DE234,A,質能均衡,陳永信,10,2019/1/10,15:10 ~ 17:00,2101、2105、2113,"3班合考,70人3間,與CH213AB、DE233A合考"
107,1,309 工程英專,2,DE233,A,物理化學（一）,王清海,10,2019/1/11,15:10 ~ 17:00,2111、2112、2113,"3班合考,70人3間,與CH234AB、DE233A合考"
107,1,310 電通英專,1,EI113,A,電資通訊概論,趙燿庚,43,不考, ~ ,,"不考, 須繳期末報告"
107,1,310 電通英專,1,EI109,A,程式語言實驗（一）,李建誠,55,2019/1/7, ~ ,70404,與CPL109同時段合考，兩門課同教室
107,1,310 電通英專,1,EI105,A,計算機概論,林柏江,45,2019/1/8,15:10 ~ 17:00,70105,
107,1,310 電通英專,1,EI111,A,科技英文會話,白小明,45,2019/1/9,10:10 ~ 12:00,70207,
107,1,310 電通英專,1,EI103,A,普通物理（一）,蘇泰元,25,2019/1/9,14:10 ~ 17:00,70109,與EEA121A合考，兩班同間教室
107,1,310 電通英專,1,EI103,B,普通物理（一）,蘇泰元,25,2019/1/9,14:10 ~ 17:00,70109,與EEA121B合考，兩班同間教室
107,1,310 電通英專,1,EI101,A,微積分（一）,李世凱,46,2019/1/10,15:10 ~ 17:00,70204,
107,1,310 電通英專,2,EI203,A,工程數學（一）,黃家麒,39,2019/1/8,10:10 ~ 12:00,70108,
107,1,310 電通英專,2,EI201,A,電子學（一）,黃建彰,34,2019/1/8,14:10 ~ 17:00,70205,
107,1,310 電通英專,2,EI209,A,科技英文寫作,白小明,34,2019/1/9,14:10 ~ 16:00,70108,
107,1,310 電通英專,2,EI211,A,工程機率,洪維廷,27,2019/1/10,08:10 ~ 10:00,70103,與EEB112B合考，兩班同間教室
107,1,310 電通英專,2,EI205,A,電路學,李穎,38,2019/1/10,10:10 ~ 12:00,3103,
107,1,310 電通英專,2,EI207,A,電子電路實驗（一）,黃建彰,33,2019/1/10,14:10 ~ 17:00,70307,
107,1,311 電機系甲組,1,EEA123,A,普通物理實驗（一）,林書彥,57,不考, ~ ,,不考試不上課
107,1,311 電機系甲組,1,EEA123,B,普通物理實驗（一）,林書彥,61,不考, ~ ,,不考試不上課
107,1,311 電機系甲組,1,EEA129,B,程式語言實驗（一）,趙一芬,70,2019/1/7,16:10 ~ 17:00,70405,
107,1,311 電機系甲組,1,EEA109,A,計算機概論,施皇嘉,79,2019/1/8,09:10 ~ 12:00,70102,上課
107,1,311 電機系甲組,1,EEA129,A,程式語言實驗（一）,趙一芬,67,2019/1/8,16:10 ~ 17:00,70405,
107,1,311 電機系甲組,1,EEA126,A,線性代數,陳鏗元,78,2019/1/9,09:10 ~ 12:00,70205,AB班同時考(請排相鄰教室)
107,1,311 電機系甲組,1,EEA126,B,線性代數,陳鏗元,68,2019/1/9,09:10 ~ 12:00,70203,AB班同時考(請排相鄰教室)
107,1,311 電機系甲組,1,EEA121,B,普通物理（一）,蘇泰元,72,2019/1/9,14:10 ~ 17:00,70203,AB班同時考(請排相鄰教室)
107,1,311 電機系甲組,1,EEA121,A,普通物理（一）,蘇泰元,79,2019/1/9,14:10 ~ 17:00,70205,AB班同時考(請排相鄰教室)
107,1,311 電機系甲組,1,EEA109,B,計算機概論,郭文興,48,2019/1/10,14:10 ~ 17:00,70205,
107,1,311 電機系甲組,1,EEA120,A,微積分（一）,林仁俊,76,2019/1/11,14:10 ~ 16:00,70105,
107,1,311 電機系甲組,1,EEA120,B1,微積分（一）,熊甘霖,47,2019/1/11,14:10 ~ 17:00,70205,
107,1,311 電機系甲組,2,EEA386,B,微電腦實驗,陳永盛,70,2019/1/7,09:10 ~ 12:00,70405,上課
107,1,311 電機系甲組,2,EEA224,A,微電腦系統,陳敦裕,85,2019/1/8,08:10 ~ 10:00,70204,AB班同時考(請排相鄰教室)
107,1,311 電機系甲組,2,EEA224,B,微電腦系統,陳敦裕,71,2019/1/8,08:10 ~ 10:00,70203,AB班同時考(請排相鄰教室)
107,1,311 電機系甲組,2,EEA203,A,工程數學（一）,李仲溪,89,2019/1/8,10:10 ~ 12:00,70105,
107,1,311 電機系甲組,2,EEA205,B,電子學（一）,彭朋瑞,75,2019/1/8,14:10 ~ 17:00,70108,AB班同時考(請排相鄰教室)
107,1,311 電機系甲組,2,EEA205,A,電子學（一）,彭朋瑞,80,2019/1/8,14:10 ~ 17:00,70110,AB班同時考(請排相鄰教室)
107,1,311 電機系甲組,2,EEA216,B,資料結構,趙一芬,79,2019/1/9,09:10 ~ 12:00,70204,
107,1,311 電機系甲組,2,EEA221,A,電子電路實驗（一）,林承鴻,70,2019/1/9,09:10 ~ 12:00,70308,上課
107,1,311 電機系甲組,2,EEA216,A,資料結構,趙一芬,70,2019/1/9,14:10 ~ 17:00,70201,
107,1,311 電機系甲組,2,EEA221,B,電子電路實驗（一）,林承鴻,64,2019/1/9,14:10 ~ 17:00,70308,上課
107,1,311 電機系甲組,2,EEA242,A,電路學,林鴻文,72,2019/1/10,10:10 ~ 12:00,70205、70112、70204,AB班同時考(請排相鄰教室)
107,1,311 電機系甲組,2,EEA242,B,電路學,林鴻文,61,2019/1/10,10:10 ~ 12:00,70205、70112、70204,AB班同時考(請排相鄰教室)
107,1,311 電機系甲組,2,EEA203,B,工程數學（一）,劉建宏,58,2019/1/10,14:10 ~ 16:00,70203,
107,1,311 電機系甲組,2,EEA386,A,微電腦實驗,陳永盛,62,2019/1/11,09:10 ~ 12:00,70405,上課
107,1,311 電機系甲組,3,EEA387,B,數位信號處理實驗,方士豪,67,不考, ~ ,,不考試不上課
107,1,311 電機系甲組,3,EEA387,A,數位信號處理實驗,方士豪,57,不考, ~ ,,不考試不上課
107,1,311 電機系甲組,3,EEA478,A,電機專題,熊甘霖,124,不考, ~ ,,不考試不上課
107,1,311 電機系甲組,3,EEA244,B,數位信號處理概論,李宇軒,55,2019/1/7,09:10 ~ 12:00,70205,AB班同時考(請排相鄰教室)
107,1,311 電機系甲組,3,EEA244,A,數位信號處理概論,李宇軒,72,2019/1/7,09:10 ~ 12:00,70204,AB班同時考(請排相鄰教室)
107,1,311 電機系甲組,3,EEA303,A,電磁學（二）,陳鏗元,66,2019/1/7,14:10 ~ 17:00,70204,AB班同時考(請排相鄰教室)
107,1,311 電機系甲組,3,EEA303,B,電磁學（二）,陳鏗元,69,2019/1/7,14:10 ~ 17:00,70203,AB班同時考(請排相鄰教室)
107,1,311 電機系甲組,3,EEA489,A,生物醫學工程概論,黃子倫,65,2019/1/7,18:30 ~ 21:20,70108,
107,1,311 電機系甲組,3,EEA223,A,工程機率,張玲華,27,2019/1/8,09:10 ~ 12:00,70112,
107,1,311 電機系甲組,3,EEA301,A,電子學（三）,吳紹懋,39,2019/1/8,18:30 ~ 21:20,70108,
107,1,311 電機系甲組,3,EEA351,B,自動控制（一）,黃英哲,54,2019/1/9,14:10 ~ 16:00,70110,AB班同時考(請排相鄰教室)
107,1,311 電機系甲組,3,EEA351,A,自動控制（一）,黃英哲,77,2019/1/9,14:10 ~ 16:00,70105,AB班同時考(請排相鄰教室)
107,1,311 電機系甲組,3,EEA492,A,工程應用生理學,黃琮瑋,82,2019/1/11,13:10 ~ 16:00,70201,
107,1,311 電機系甲組,3,EEA350,A,超大型積體電路設計導論,彭朋瑞,37,2019/1/11,14:10 ~ 17:00,70207,
107,1,311 電機系甲組,4,EEA480,A,智慧電網實驗,劉建宏,14,不考, ~ ,,不考試不上課
107,1,311 電機系甲組,4,EEA484,A,畢業專題製作,林仁俊,24,不考, ~ ,,不考試不上課
107,1,311 電機系甲組,4,EEA484,B,畢業專題製作,劉建宏,1,不考, ~ ,,不考試不上課
107,1,311 電機系甲組,4,EEA484,C,畢業專題製作,林鴻文,9,不考, ~ ,,不考試不上課
107,1,311 電機系甲組,4,EEA495,A,物聯網應用技術與實作（二）,戴??,11,2019/1/8,18:30 ~ 21:20,70308,
107,1,311 電機系甲組,4,EEA485,A,工業配電,黃有智,34,2019/1/10,18:30 ~ 21:20,70108,
107,1,312 電機系乙組,1,EEB126,A,程式語言實驗（一）,李建誠,75,不考, ~ ,,
107,1,312 電機系乙組,1,EEB130,A,電資通訊概論,趙燿庚,78,不考, ~ ,,"不考, 期末報告"
107,1,312 電機系乙組,1,EEB110,A,線性代數,黃家麒,56,2019/1/7,15:10 ~ 17:00,70110,EEB110A/B班合考，80人教室2間
107,1,312 電機系乙組,1,EEB110,B,線性代數,黃家麒,53,2019/1/7,15:10 ~ 17:00,70112,EEB110A/B班合考，80人教室2間
107,1,312 電機系乙組,1,EEB108,B,計算機概論,林柏江,46,2019/1/8,15:10 ~ 17:00,70101,EEB108A/B班合考，80人教室2間
107,1,312 電機系乙組,1,EEB108,A,計算機概論,林柏江,46,2019/1/8,15:10 ~ 17:00,70112,EEB108A/B班合考，80人教室2間
107,1,312 電機系乙組,1,EEB116,A,普通物理,賴文彬,81,2019/1/10,10:10 ~ 12:00,70102、70201,
107,1,312 電機系乙組,1,EEB101,B,微積分（一）,李世凱,37,2019/1/10,15:10 ~ 17:00,70109,EEB101B/C班合考，80人教室2間
107,1,312 電機系乙組,1,EEB101,C,微積分（一）,李世凱,38,2019/1/10,15:10 ~ 17:00,70108,EEB101B/C班合考，80人教室2間
107,1,312 電機系乙組,1,EEB101,A,微積分（一）,陳興義,52,2019/1/10,15:10 ~ 17:00,70101,
107,1,312 電機系乙組,2,EEB310,A,作業系統,林智揚,47,2019/1/7,10:10 ~ 12:00,70112,
107,1,312 電機系乙組,2,EEB317,A,視窗程式設計,曾俊雄,44,2019/1/8,14:10 ~ 16:00,70404,
107,1,312 電機系乙組,2,EEB205,A,電子電路實驗（一）,楊正任,70,2019/1/9,09:10 ~ 12:00,70307,
107,1,312 電機系乙組,2,EEB201,A,電子學（一）,楊正任,117,2019/1/9,15:10 ~ 17:00,70103、70102,
107,1,312 電機系乙組,2,EEB323,A,硬體描述語言,林茂青,72,2019/1/9,18:30 ~ 20:20,70404,
107,1,312 電機系乙組,2,EEB112,B,工程機率,洪維廷,49,2019/1/10,08:10 ~ 10:00,70103,EEB112A/B班合考，100人教室2間
107,1,312 電機系乙組,2,EEB112,A,工程機率,洪維廷,45,2019/1/10,08:10 ~ 10:00,70102,EEB112A/B班合考，100人教室2間
107,1,312 電機系乙組,2,EEB214,B,電路學,李穎,51,2019/1/10,10:10 ~ 12:00,70108,EEB214A/B班合考，100人教室2間
107,1,312 電機系乙組,2,EEB214,A,電路學,李穎,53,2019/1/10,10:10 ~ 12:00,70103,EEB214A/B班合考，100人教室2間
107,1,312 電機系乙組,2,EEB209,A,微電腦系統,許世玄,70,2019/1/10,13:10 ~ 15:00,70102,
107,1,312 電機系乙組,2,EEB203,A,工程數學（一）,甘堯江,82,2019/1/11,10:10 ~ 12:00,70204、70205,
107,1,312 電機系乙組,3,EEB313,A,電子電路設計,許世玄,45,2019/1/7,13:10 ~ 15:00,70101,
107,1,312 電機系乙組,3,EEB326,A,通訊工程導論,鄧俊宏,147,2019/1/8,09:10 ~ 11:00,70205、70103,
107,1,312 電機系乙組,3,EEB327,A,射頻工程導論,李建育,142,2019/1/8,11:10 ~ 12:00,70204、70205,
107,1,312 電機系乙組,3,EEB303,A,通訊系統,黃正光,54,2019/1/8,15:10 ~ 17:00,70201,
107,1,312 電機系乙組,3,EEB304,B,電磁學（二）,邱政男,66,2019/1/8,15:10 ~ 17:00,70102,
107,1,312 電機系乙組,3,EEB330,A,人工智慧與深度學習,林智揚,24,2019/1/9,10:10 ~ 12:00,70404,
107,1,312 電機系乙組,3,EEB430,A,物件導向程式設計,甘堯江,46,2019/1/9,15:10 ~ 17:00,70404,
107,1,312 電機系乙組,3,EEB303,B,通訊系統,馬杰,95,2019/1/10,10:10 ~ 12:00,70105、70206,
107,1,312 電機系乙組,3,EEB304,A,電磁學（二）,陳念偉,11,2019/1/10,10:10 ~ 12:00,70109,
107,1,312 電機系乙組,3,EEB422,A,科技英文,陳念偉,60,2019/1/10,13:10 ~ 15:00,70105,
107,1,312 電機系乙組,3,EEB403,A,數位信號處理概論,黃能添,65,2019/1/11,15:10 ~ 17:00,70112,
107,1,312 電機系乙組,4,EEB315,A,專業實習（二）,黃建彰,6,不考, ~ ,,
107,1,312 電機系乙組,4,EEB432,A,畢業專題（二）,黃建彰,59,不考, ~ ,,
107,1,312 電機系乙組,4,EEB432,B,畢業專題（二）,黃建彰,53,不考, ~ ,,
107,1,312 電機系乙組,4,EEB404,A,通訊電子學,李建育,62,2019/1/7,15:10 ~ 17:00,70207,
107,1,312 電機系乙組,4,EEB424,A,通訊產業管理,高凱聲,119,2019/1/9,10:10 ~ 12:00,70101,
107,1,312 電機系乙組,4,EEB405,A,電腦輔助通訊系統分析與設計,鄧俊宏,50,2019/1/9,15:10 ~ 17:00,70406,
107,1,312 電機系乙組,4,EEB406,A,電腦網路,洪維廷,13,2019/1/11,10:10 ~ 12:00,70209,
107,1,313 電機系丙組,1,EEC111,A,光電概論,阮于珊,58,不考, ~ ,,期末考週停課一次
107,1,313 電機系丙組,1,EEC313,A,光電與產業,阮于珊,65,不考, ~ ,,期末考週停課一次
107,1,313 電機系丙組,1,EEC113,A,程式語言實驗（一）,陳念波,73,2019/1/8,11:00 ~ 12:00,70405,與CP104K 基礎程式設計(一)合考(9:10~12:00) ，安排原教室(70405)考試
107,1,313 電機系丙組,1,EEC101,A,普通物理（一）,白小明,65,2019/1/9,18:30 ~ 20:20,70207、70203,請排七館兩間相鄰普通教室
107,1,313 電機系丙組,1,EEC105,A,微積分（一）,張志豪,72,2019/1/10,13:10 ~ 16:00,70112、70207,請排七館兩間相鄰普通教室
107,1,313 電機系丙組,2,EEC204,A,電子學（一）,劉維昇,58,2019/1/7,09:10 ~ 12:00,70203、70201,請排七館兩間相鄰普通教室
107,1,313 電機系丙組,2,EEC202,A,工程數學（一）,陳祖龍,65,2019/1/7,13:10 ~ 16:00,70206,請排七館一間120人普通大教室
107,1,313 電機系丙組,2,EEC206,A,電子電路實驗（一）,劉維昇,57,2019/1/8,13:10 ~ 16:00,70308,
107,1,313 電機系丙組,2,EEC208,A,電磁學（一）,蒲念文,78,2019/1/9,09:10 ~ 12:00,70109、70110,請排七館兩間相鄰普通教室
107,1,313 電機系丙組,2,EEC321,A,光電程式設計,陳念波,46,2019/1/9,14:10 ~ 17:00,70405,
107,1,313 電機系丙組,3,EEC212,A,光學實驗（二）,賴芳儀,22,不考, ~ ,,期末考週停課一次
107,1,313 電機系丙組,3,EEC212,B,光學實驗（二）,阮于珊,29,不考, ~ ,,期末考週停課一次
107,1,313 電機系丙組,3,EEC210,A,光學（二）,賴芳儀,54,2019/1/7,09:10 ~ 12:00,70207、70209,請排七館兩間相鄰普通教室
107,1,313 電機系丙組,3,EEC319,A,光電半導體物理導論,劉維昇,45,2019/1/8,09:10 ~ 12:00,70101,請排七館兩間相鄰普通教室
107,1,313 電機系丙組,3,EEC312,A,傅立葉變換及其應用,陳念波,24,2019/1/9,09:10 ~ 12:00,70201,
107,1,313 電機系丙組,3,EEC325,A,電子電路學,邱天隆,48,2019/1/10,09:10 ~ 12:00,70207,
107,1,313 電機系丙組,3,EEC311,A,液晶顯示器之基礎原理,邱天隆,49,2019/1/10,14:10 ~ 17:00,70201,
107,1,313 電機系丙組,3,EEC305,A,近代物理（一）,蒲念文,51,2019/1/11,09:10 ~ 12:00,70203、70201,請排七館兩間相鄰普通教室
107,1,313 電機系丙組,4,EEC423,A,專題實作（二）,陳祖龍,48,不考, ~ ,,
107,1,313 電機系丙組,4,EEC419,A,節能照明,賴芳儀,29,2019/1/8,13:10 ~ 16:00,70109,
107,1,313 電機系丙組,4,EEC422,A,非成像系統設計與實作,許正治,21,2019/1/9,14:10 ~ 17:00,70111,
107,1,313 電機系丙組,4,EEC407,A,光電元件製程,劉宗平,46,2019/1/10,08:30 ~ 12:30,70110,時段1-原教室上課，學生期末報告(第1批)
107,1,313 電機系丙組,4,EEC407,A,光電元件製程,劉宗平,46,2019/1/11,08:30 ~ 12:30,70110,時段2-新增(希望借70110)，學生期末報告(第2批)
107,1,322 機械碩          ,1,ME503,A1,書報討論,沈家傑,19,不考, ~ ,,不考
107,1,322 機械碩          ,1,ME610,A,創新產品設計,徐業良,9,2019/1/7,13:10 ~ 15:00,3209,
107,1,322 機械碩          ,1,ME516,A,核能發電,林誠興,7,2019/1/7,18:30 ~ 20:20,3207,
107,1,322 機械碩          ,1,ME525,A,線性系統,吳昌暉,4,2019/1/7,18:30 ~ 20:20,3209,
107,1,322 機械碩          ,1,ME586,A,空氣污染控制設計,江右君,18,2019/1/7,18:30 ~ 20:20,3212,
107,1,322 機械碩          ,1,ME601,A,可壓縮流學,王謹誠,7,2019/1/7,18:30 ~ 20:20,3214,
107,1,322 機械碩          ,1,ME521,A,高等流體力學,林誠興,13,2019/1/8,18:30 ~ 20:20,3207,
107,1,322 機械碩          ,1,ME570,A,焚化原理及技術,蘇艾,14,2019/1/8,18:30 ~ 20:20,3212,
107,1,322 機械碩          ,1,ME573,A1,材料實驗方法,沈家傑,15,2019/1/8,18:30 ~ 21:20,3209,
107,1,322 機械碩          ,1,ME541,A,材料機械性質,沈家傑,13,2019/1/9,18:30 ~ 21:20,3209,
107,1,322 機械碩          ,1,ME572,A,燃燒器設計與污染防治,呂嘉弘,15,2019/1/9,18:30 ~ 20:20,3207,
107,1,322 機械碩          ,1,ME515,A,微分方程,林育才,8,2019/1/10,18:30 ~ 20:20,3209,
107,1,322 機械碩          ,1,ME535,A,高等數值分析,林誠興,6,2019/1/10,18:30 ~ 20:20,3212,
107,1,322 機械碩          ,1,ME580,A,材料疲勞損傷分析,余念一,11,2019/1/10,18:30 ~ 20:20,3207,
107,1,322 機械碩          ,1,ME502,A,基礎數學,林育才,8,2019/1/11,18:30 ~ 20:20,3209,
107,1,323 化材碩,1,CH501,A,高等輸送現象,尹庚鳴,15,不考, ~ ,,不考
107,1,323 化材碩,1,CH521,A,平面顯示器材料化學,黃振球,14,不考, ~ ,,不考
107,1,323 化材碩,1,CH525,A,高等儀器分析,廖朝光,16,不考, ~ ,,不考
107,1,323 化材碩,1,CH539,A,電化學特論,尹庚鳴,8,不考, ~ ,,不考
107,1,323 化材碩,1,CH575,A,燃料電池,洪逸明,15,不考, ~ ,,不考
107,1,323 化材碩,1,CH588,A,太陽能技術,廖朝光,15,不考, ~ ,,不考
107,1,323 化材碩,1,CH609,A,再生醫學,陳芸,17,不考, ~ ,,不考
107,1,323 化材碩,1,CH612,A,書報討論（一）,洪逸明,61,不考, ~ ,,不考
107,1,323 化材碩,1,CH509,A,高分子化學,廖建勛,10,2019/1/7,10:10 ~ 12:00,2103,考試
107,1,323 化材碩,1,CH503,A,高等化工動力學,吳和生,5,2019/1/7,18:30 ~ 20:20,2104,原教室考試
107,1,323 化材碩,1,CH520,A,薄膜分離技術,孫一明,7,2019/1/8,09:10 ~ 12:00,2207,
107,1,323 化材碩,1,CH586,A,環境生物技術,胡勇誌,13,2019/1/8,18:30 ~ 20:20,2105,原教室考試
107,1,323 化材碩,1,CH600,A,材料物理化學,何政恩,20,2019/1/8,18:30 ~ 20:20,2104,原教室考試
107,1,323 化材碩,1,CH589,A,有機半導體材料特論,郭德文,15,2019/1/9,18:30 ~ 20:20,2103,原教室考試
107,1,323 化材碩,1,CH573,A,環工程序化學,林錕松,18,2019/1/9,19:00 ~ 21:00,2423,原教室考試
107,1,323 化材碩,1,CH502,A,科技英文,孫一明,23,2019/1/10,18:30 ~ 20:20,2102,"2班合考,70人1間,與CH502B合考"
107,1,323 化材碩,1,CH502,B,科技英文,孫一明,21,2019/1/10,18:30 ~ 20:20,2102,"2班合考,70人1間,與CH502A合考"
107,1,325 工管碩          ,1,IE537,A,高等設施規劃,胡黃德,11,不考, ~ ,,不考
107,1,325 工管碩          ,1,IE565,A,人因工程,周金枚,12,不考, ~ ,,
107,1,325 工管碩          ,1,IE618,Ａ,ＴＦＴ－ＬＣＤ產業分析與個案探討,陳以明,22,不考, ~ ,,不考
107,1,325 工管碩          ,1,IE538,A,實驗設計,陳雲岫,21,2019/1/7,09:00 ~ 12:00,2604,單班考試
107,1,325 工管碩          ,1,IE609,A,電子化企業之管理,蘇傳軍,5,2019/1/7,14:10 ~ 17:00,2602,上課
107,1,325 工管碩          ,1,IE614,A,資料模式辨識與分類,蔡篤銘,6,2019/1/8,09:10 ~ 12:00,2603,上課
107,1,325 工管碩          ,1,IE576,A,全球運籌管理,丁慶榮,9,2019/1/8,13:10 ~ 16:00,2603,上課
107,1,325 工管碩          ,1,IE607,A,啟發式最佳化,梁?嘉,21,2019/1/8,13:10 ~ 16:00,2606,期末報告
107,1,325 工管碩          ,1,IE541,A,決策分析,吳政翰,44,2019/1/8,18:30 ~ 21:20,2619,上課
107,1,325 工管碩          ,1,IE625,Ａ,巨量資料分析,蘇傳軍,40,2019/1/9,09:10 ~ 12:00,2623,上課
107,1,325 工管碩          ,1,IE533,A,機率分析,林真如,13,2019/1/9,10:10 ~ 12:00,2606,單班考試
107,1,325 工管碩          ,1,IE508,A,人工智慧與專家系統專題,鍾雲恭,12,2019/1/9,18:30 ~ 20:20,2604,"IE205A/IE543A/IE524A/IE566A,4班合考"
107,1,325 工管碩          ,1,IE524,A,工程管理系統,鍾雲恭,10,2019/1/9,18:30 ~ 20:20,2604,"IE205A/IE543A/IE524A/IE566A,4班合考"
107,1,325 工管碩          ,1,IE543,A,生產計劃,鍾雲恭,11,2019/1/9,18:30 ~ 20:20,2604,"IE205A/IE543A/IE524A/IE566A,4班合考"
107,1,325 工管碩          ,1,IE566,A,可靠度工程,鍾雲恭,9,2019/1/9,18:30 ~ 20:20,2604,"IE205A/IE543A/IE524A/IE566A,4班合考"
107,1,325 工管碩          ,1,IE600,A,系統工程,薛吉順,51,2019/1/9,18:30 ~ 21:20,2623,報告
107,1,325 工管碩          ,1,IE581,A,服務系統設計,任恒毅,31,2019/1/10,10:10 ~ 12:00,2601、2603、2619、2621,"IE581A/IE335AB/,3班合考"
107,1,325 工管碩          ,1,IE534,A,生產排程,吳政翰,5,2019/1/10,14:10 ~ 17:00,2603,報告
107,1,325 工管碩          ,1,IE622,A,卓越經營管理,陳啟光,24,2019/1/10,18:30 ~ 21:20,2601,上課
107,1,325 工管碩          ,1,IE586,A,書報討論,林真如,22,2019/1/11,14:10 ~ 16:00,2623,上課
107,1,325 工管碩          ,1,IE531,A,高等品質管制,鄭春生,32,2019/1/12,09:00 ~ 12:00,2619,單班考試
107,1,325 工管碩          ,1,IE593,A,高等生產管制,蔡啟揚,32,2019/1/12,13:10 ~ 16:00,2603,上課
107,1,329 生技碩          ,1,BI501,A,書報討論,薛逸煌,17,不考, ~ ,,不考試、不上課
107,1,329 生技碩          ,1,BI514,A,微生物學實驗,薛逸煌,15,不考, ~ ,,不考試、不上課
107,1,329 生技碩          ,1,BI542,A1,生化工程實驗,魏毓宏,9,不考, ~ ,,不考試、不上課
107,1,329 生技碩          ,1,BI546,A,臨床醫學概論,張至宏,7,不考, ~ ,,不考試、不上課
107,1,329 生技碩          ,1,BI561,A,動物細胞培養技術與應用,簡志青,12,不考, ~ ,,不考試、不上課
107,1,329 生技碩          ,1,BI533,A,生化儀器分析,簡志青,28,2019/1/7,13:10 ~ 16:00,2011,不考試、上課（或口頭報告）
107,1,329 生技碩          ,1,BI535,A,微生物遺傳學,薛逸煌,9,2019/1/8,17:10 ~ 20:00,2004,考試
107,1,329 生技碩          ,1,BI507,A,微生物學特論,簡志青,18,2019/1/10,13:10 ~ 16:00,2103,不考試、上課（或口頭報告）
107,1,331 電機碩甲組,1,EEA507,A,影像處理,施皇嘉,24,不考, ~ ,,不考試不上課
107,1,331 電機碩甲組,1,EEA607,A,書報討論,陳永盛,93,不考, ~ ,,不考試不上課
107,1,331 電機碩甲組,1,EEA641,A,汽車電子,韓國璋,21,不考, ~ ,,不考試不上課
107,1,331 電機碩甲組,1,EEA665,A,進階積體電路專題實作Ⅱ,陳敦裕,8,不考, ~ ,,不考試不上課
107,1,331 電機碩甲組,1,EEA667,A,進階積體電路專題實作Ⅳ,陳敦裕,9,不考, ~ ,,不考試不上課
107,1,331 電機碩甲組,1,EEA697,A,機器學習及其深層結構,林仁俊,69,2019/1/7,14:10 ~ 17:00,70105,
107,1,331 電機碩甲組,1,EEA531,A,ＶＬＳＩ信號處理,林承鴻,11,2019/1/7,18:30 ~ 21:20,70112,上課
107,1,331 電機碩甲組,1,EEA600,A,類神經網路,陳德育,47,2019/1/7,18:30 ~ 21:20,70205,上課
107,1,331 電機碩甲組,1,EEA699,A,強化學習,熊甘霖,6,2019/1/7,18:30 ~ 21:20,70404,
107,1,331 電機碩甲組,1,EEA580,A,類比積體電路設計,彭朋瑞,6,2019/1/8,09:10 ~ 12:00,70201,
107,1,331 電機碩甲組,1,EEA588,A,數位ＶＬＳＩ設計,林鴻文,8,2019/1/8,14:10 ~ 17:00,70209,
107,1,331 電機碩甲組,1,EEA647,A,家庭網路傳輸標準,郭文興,56,2019/1/8,14:10 ~ 17:00,70207,
107,1,331 電機碩甲組,1,EEA660,A,高速低功率積體電路設計,李宇軒,16,2019/1/8,14:10 ~ 17:00,70111,
107,1,331 電機碩甲組,1,EEA676,A,特殊應用積體電路設計,林書彥,6,2019/1/8,18:30 ~ 21:20,70201,
107,1,331 電機碩甲組,1,EEA636,A,信號偵測,鍾素麗,45,2019/1/8,19:00 ~ 20:30,70207,
107,1,331 電機碩甲組,1,EEA679,A,壓縮式感測與統計學習,張玲華,9,2019/1/9,09:10 ~ 12:00,70111,
107,1,331 電機碩甲組,1,EEA625,A,計算機視覺,蘇泰元,76,2019/1/10,18:30 ~ 21:20,70405,
107,1,332 電機碩乙組,1,EEB501,A,研究專題,陳念偉,60,不考, ~ ,,
107,1,332 電機碩乙組,1,EEB502,A,書報討論,陳念偉,63,不考, ~ ,,
107,1,332 電機碩乙組,1,EEB572,A,網通產業個案研究與 競爭優勢分析,蕭灌修,12,2019/1/7,10:10 ~ 12:00,70110,
107,1,332 電機碩乙組,1,EEB567,A,網路程式設計與應用,曾俊雄,6,2019/1/7,14:10 ~ 16:00,70802,
107,1,332 電機碩乙組,1,EEB503,A,數位信號處理,鄧俊宏,21,2019/1/7,15:10 ~ 17:00,70101,
107,1,332 電機碩乙組,1,EEB509,A,高等電磁學（一）,邱政男,10,2019/1/7,18:30 ~ 20:20,70209,
107,1,332 電機碩乙組,1,EEB507,A,天線理論,陳興義,5,2019/1/8,15:10 ~ 17:00,70904,
107,1,332 電機碩乙組,1,EEB571,A,模式化通訊IC設計,鄧俊宏,13,2019/1/8,15:10 ~ 17:00,70406,
107,1,332 電機碩乙組,1,EEB505,A,高頻電路設計,楊正任,56,2019/1/8,18:30 ~ 21:20,70112,
107,1,332 電機碩乙組,1,EEB508,A,通訊信號處理,黃正光,8,2019/1/9,10:10 ~ 12:00,70108,
107,1,332 電機碩乙組,1,EEB583,A,資料庫系統,曾俊雄,17,2019/1/9,14:10 ~ 16:00,70802,
107,1,332 電機碩乙組,1,EEB564,A,行動通訊射頻系統設計簡介,李建育,26,2019/1/9,18:30 ~ 20:20,70209,
107,1,332 電機碩乙組,1,EEB545,A,類神經網路,李建誠,11,2019/1/10,10:10 ~ 12:00,70802,
107,1,332 電機碩乙組,1,EEB580,A,軟體定義網路之創新應用與實務,賴文彬,10,2019/1/10,13:10 ~ 15:00,70404,
107,1,332 電機碩乙組,1,EEB550,A,射頻積體電路設計,李建育,9,2019/1/10,15:10 ~ 17:00,70802,
107,1,332 電機碩乙組,1,EEB536,A,多媒體通訊,林智揚,12,2019/1/11,15:10 ~ 17:00,70404,
107,1,333 電機碩丙組,1,EEC502,A,書報討論,阮于珊,31,不考, ~ ,,期末考週停課一次
107,1,333 電機碩丙組,1,EEC514,A,傅立葉光學,陳祖龍,7,不考, ~ ,,期末考週停課一次
107,1,333 電機碩丙組,1,EEC534,A,雷射原理與應用,阮于珊,21,不考, ~ ,,期末考週停課一次
107,1,333 電機碩丙組,1,EEC535,A,光電實驗,許正治,9,不考, ~ ,,期末考週停課一次
107,1,333 電機碩丙組,1,EEC549,A,前瞻光電元件導論,張志豪,9,不考, ~ ,,期末考週停課一次
107,1,333 電機碩丙組,1,EEC511,A,光學設計,蕭金廷,40,2019/1/7,18:30 ~ 21:20,70201,
107,1,333 電機碩丙組,1,EEC509,A,固態物理,蒲念文,21,2019/1/8,09:10 ~ 12:00,70209,
107,1,333 電機碩丙組,1,EEC601,A,科技英文（一）,白小明,18,2019/1/9,08:10 ~ 10:00,70209,請排七館一間普通教室
107,1,333 電機碩丙組,1,EEC505,A,幾何光學,許正治,9,2019/1/10,13:10 ~ 16:00,70110,請排七館一間普通教室
107,1,333 電機碩丙組,1,EEC541,A,太陽能光電元件,邱天隆,54,2019/1/10,18:30 ~ 21:20,70207,
107,1,505 管理學院學士班,1,CM108,D,管理學,羅憶如,74,不考, ~ ,,
107,1,505 管理學院學士班,1,CM108,C,管理學,羅憶如,65,不考, ~ ,,
107,1,505 管理學院學士班,1,CM108,F,管理學,盧煜煬,69,不考, ~ ,,
107,1,505 管理學院學士班,1,CM108,A,管理學,李弘暉,100,不考, ~ ,,提前一週至20190103考試
107,1,505 管理學院學士班,1,CM114,G,企業倫理與社會責任,翁晶晶,51,不考, ~ ,,
107,1,505 管理學院學士班,1,CM114,E,企業倫理與社會責任,黃瓊億,103,不考, ~ ,,
107,1,505 管理學院學士班,1,CM114,H,企業倫理與社會責任,翁晶晶,34,不考, ~ ,,
107,1,505 管理學院學士班,1,CM115,C,資訊軟體應用,吳崇光,39,不考, ~ ,,
107,1,505 管理學院學士班,1,CM115,A,資訊軟體應用,盧煜煬,39,不考, ~ ,,
107,1,505 管理學院學士班,1,CM103,F,會計學（上）,粘凱婷,65,2019/1/7,13:10 ~ 16:00,3105,
107,1,505 管理學院學士班,1,CM105,A1,經濟學（上）,曾翊恆,52,2019/1/7,13:10 ~ 15:00,60207,
107,1,505 管理學院學士班,1,CM108,G,管理學,吳相勳,69,2019/1/7,13:10 ~ 16:00,60304,上課
107,1,505 管理學院學士班,1,CM103,I1,會計學（上）,李燕娜,52,2019/1/8,09:10 ~ 12:00,3105,
107,1,505 管理學院學士班,1,CM115,F,資訊軟體應用,陳正和,33,2019/1/8,09:10 ~ 12:00,60406,上課
107,1,505 管理學院學士班,1,CM103,G,會計學（上）,張謙恆,61,2019/1/8,13:10 ~ 16:00,3101,一般平面教室，個人單獨桌椅
107,1,505 管理學院學士班,1,CM105,F,經濟學（上）,徐學忍,70,2019/1/8,13:10 ~ 15:00,3107,
107,1,505 管理學院學士班,1,CM105,B,經濟學（上）,郭人誌,49,2019/1/8,13:10 ~ 16:00,1211,
107,1,505 管理學院學士班,1,CM105,G,經濟學（上）,蔣廷芳,63,2019/1/8,17:10 ~ 19:00,3104,CM105 E/?G/I 合班考試
107,1,505 管理學院學士班,1,CM105,I,經濟學（上）,蔣廷芳,54,2019/1/8,17:10 ~ 19:00,3105,CM105 E/?G/I 合班考試
107,1,505 管理學院學士班,1,CM105,E,經濟學（上）,蔣廷芳,60,2019/1/8,17:10 ~ 19:00,3103,CM105 E/?G/I 合班考試
107,1,505 管理學院學士班,1,CM108,E,管理學,廖東山,43,2019/1/9,14:10 ~ 17:00,60207,
107,1,505 管理學院學士班,1,CM108,I1,管理學,曾詠青,55,2019/1/9,14:10 ~ 17:00,70206,
107,1,505 管理學院學士班,1,CM114,F,企業倫理與社會責任,徐樂文,73,2019/1/9,14:10 ~ 17:00,3306,上課
107,1,505 管理學院學士班,1,CM116,B,微積分,邱敬貿,39,2019/1/9,18:30 ~ 21:20,3110,"CM116F/B合考,需大教室1間，CM116各班請協助安排鄰近教室"
107,1,505 管理學院學士班,1,CM116,G,微積分,莊惠菁,46,2019/1/9,18:30 ~ 21:20,70102,CM116G/H合考，CM116各班請協助安排鄰近教室
107,1,505 管理學院學士班,1,CM116,I,微積分,陳佳宏,49,2019/1/9,18:30 ~ 21:20,3107,CM116各班請協助安排鄰近教室
107,1,505 管理學院學士班,1,CM116,F,微積分,邱敬貿,64,2019/1/9,18:30 ~ 21:20,3110,"CM116F/B合考,需大教室1間，CM116各班請協助安排鄰近教室"
107,1,505 管理學院學士班,1,CM116,H,微積分,莊惠菁,15,2019/1/9,18:30 ~ 21:20,70102,CM116G/H合考，CM116各班請協助安排鄰近教室
107,1,505 管理學院學士班,1,CM116,D,微積分,吳志強,49,2019/1/9,18:30 ~ 21:20,3104,CM116各班請協助安排鄰近教室
107,1,505 管理學院學士班,1,CM116,A,微積分,姜一銘,48,2019/1/9,18:30 ~ 21:20,70103,"CM116A/C合考,需大教室1間，CM116各班請協助安排鄰近教室"
107,1,505 管理學院學士班,1,CM116,E,微積分,駱建陵,46,2019/1/9,18:30 ~ 21:20,3105,CM116各班請協助安排鄰近教室
107,1,505 管理學院學士班,1,CM116,C,微積分,姜一銘,63,2019/1/9,18:30 ~ 21:20,70103,"CM116A/C合考,需大教室1間，CM116各班請協助安排鄰近教室"
107,1,505 管理學院學士班,1,CM103,D,會計學（上）,鄭佳綺,60,2019/1/10,09:10 ~ 12:00,2101,一般平面教室?
107,1,505 管理學院學士班,1,CM115,E,資訊軟體應用,陳正和,35,2019/1/10,09:10 ~ 12:00,60406,上課
107,1,505 管理學院學士班,1,CM103,B,會計學（上）,王維康,51,2019/1/10,17:10 ~ 20:00,3104,CM103 A/B合班考試
107,1,505 管理學院學士班,1,CM103,A,會計學（上）,王維康,57,2019/1/10,17:10 ~ 20:00,3105,CM103 A/B合班考試
107,1,505 管理學院學士班,1,CM105,D,經濟學（上）,吳菊華,54,2019/1/10,17:10 ~ 19:00,3102,CM105 C/D合班考試
107,1,505 管理學院學士班,1,CM105,C,經濟學（上）,吳菊華,53,2019/1/10,17:10 ~ 19:00,3101,CM105 C/D合班考試
107,1,505 管理學院學士班,1,CM103,E,會計學（上）,吳瑞萱,59,2019/1/11,09:10 ~ 12:00,70207,CM103 C1/E合班考試，平面教室
107,1,505 管理學院學士班,1,CM103,C1,會計學（上）,吳瑞萱,62,2019/1/11,09:10 ~ 12:00,70112,CM103 C1/E合班考試，平面教室
107,1,505 管理學院學士班,2,CM203,A,行銷管理,陳志萍,74,不考, ~ ,,
107,1,505 管理學院學士班,2,CM203,B,行銷管理,陳嬿伊,42,不考, ~ ,,
107,1,505 管理學院學士班,2,CM203,E,行銷管理,謝國男,51,不考, ~ ,,
107,1,505 管理學院學士班,2,CM203,I,行銷管理,陳嬿伊,57,不考, ~ ,,
107,1,505 管理學院學士班,2,CM204,G,組織行為,張玉萱,35,不考, ~ ,,
107,1,505 管理學院學士班,2,CM204,H,組織行為,張玉萱,38,不考, ~ ,,
107,1,505 管理學院學士班,2,CM204,A,組織行為,黃瓊億,62,不考, ~ ,,
107,1,505 管理學院學士班,2,CM204,B,組織行為,簡忠仁,50,不考, ~ ,,
107,1,505 管理學院學士班,2,CM204,C,組織行為,王馥庭,103,不考, ~ ,,不考
107,1,505 管理學院學士班,2,CM206,A,作業管理,鄭雅穗,62,不考, ~ ,,
107,1,505 管理學院學士班,2,CM213,E,通路管理,江藍龍,42,不考, ~ ,,
107,1,505 管理學院學士班,2,CM213,A,通路管理,江藍龍,62,不考, ~ ,,
107,1,505 管理學院學士班,2,CM216,H,國際企業管理,劉恒逸,38,不考, ~ ,,"不考試, 不上課"
107,1,505 管理學院學士班,2,CM239,C,解讀財經新聞,束霖新,33,不考, ~ ,,
107,1,505 管理學院學士班,2,CM205,B,財務管理,丘邦翰,66,2019/1/7,09:00 ~ 12:00,3101,
107,1,505 管理學院學士班,2,CM326,D,金融倫理與法規,葉斯偉,133,2019/1/7,09:10 ~ 12:00,70103,
107,1,505 管理學院學士班,2,CM227,E,市場競爭分析,徐學忍,54,2019/1/7,10:00 ~ 12:00,3104,
107,1,505 管理學院學士班,2,CM217,C,個體經濟學,徐學忍,75,2019/1/7,13:10 ~ 15:00,3104,
107,1,505 管理學院學士班,2,CM241,C1,金融科技概論,廖麗娟,57,2019/1/7,13:10 ~ 16:00,70102,上課隨堂測驗
107,1,505 管理學院學士班,2,CM102,C1,微積分（下）,王偉弘,92,2019/1/7,18:30 ~ 21:20,3110,
107,1,505 管理學院學士班,2,CM205,A,財務管理,蔡志鴻,61,2019/1/8,09:10 ~ 12:00,2006,
107,1,505 管理學院學士班,2,CM205,G,財務管理,沈仰斌,36,2019/1/8,13:10 ~ 16:00,3104,CM205 ?G/H 合班考試
107,1,505 管理學院學士班,2,CM205,H,財務管理,沈仰斌,40,2019/1/8,13:10 ~ 16:00,3105,CM205 ?G/H 合班考試
107,1,505 管理學院學士班,2,CM220,F,中級會計學（一）,王瑄,68,2019/1/8,13:10 ~ 16:00,3102,
107,1,505 管理學院學士班,2,CM235,A,創新管理與實務,曾詠青,27,2019/1/8,14:10 ~ 17:00,60211,
107,1,505 管理學院學士班,2,CM104,F1,會計學（下）,王維康,81,2019/1/8,18:30 ~ 21:20,3110,
107,1,505 管理學院學士班,2,CM203,F,行銷管理,黃文曄,65,2019/1/9,09:00 ~ 12:00,60211,上課
107,1,505 管理學院學士班,2,CM201,B,統計學（上）,陳正和,16,2019/1/9,09:10 ~ 12:00,3104,考試
107,1,505 管理學院學士班,2,CM201,I,統計學（上）,葉哲瑋,73,2019/1/9,09:10 ~ 12:00,3114,
107,1,505 管理學院學士班,2,CM205,D,財務管理,吳菊華,65,2019/1/9,09:10 ~ 12:00,60209,
107,1,505 管理學院學士班,2,CM206,H,作業管理,吳崇光,49,2019/1/9,09:10 ~ 12:00,3112,
107,1,505 管理學院學士班,2,CM326,C,金融倫理與法規,葉斯偉,120,2019/1/9,09:10 ~ 12:00,70102,
107,1,505 管理學院學士班,2,CM201,A,統計學（上）,謝志宏,80,2019/1/9,14:10 ~ 17:00,3104,
107,1,505 管理學院學士班,2,CM201,C,統計學（上）,李詩政,20,2019/1/9,14:10 ~ 17:00,3101,CM201 C/D合考
107,1,505 管理學院學士班,2,CM201,D,統計學（上）,李詩政,61,2019/1/9,14:10 ~ 17:00,3102,CM201 C/D合考
107,1,505 管理學院學士班,2,CM201,E,統計學（上）,陳麗雪,79,2019/1/9,14:10 ~ 17:00,3114,
107,1,505 管理學院學士班,2,CM206,B,作業管理,陳家祥,46,2019/1/9,14:10 ~ 17:00,3105,上課
107,1,505 管理學院學士班,2,CM216,G,國際企業管理,尤淨纓,53,2019/1/9,14:10 ~ 17:00,60304,
107,1,505 管理學院學士班,2,CM205,F,財務管理,夏侯欣榮,64,2019/1/9,18:10 ~ 19:50,3102,CM205 F/C/I合班考試
107,1,505 管理學院學士班,2,CM205,C,財務管理,夏侯欣榮,57,2019/1/9,18:10 ~ 19:50,3101,CM205 F/C/I合班考試
107,1,505 管理學院學士班,2,CM205,I,財務管理,夏侯欣榮,65,2019/1/9,18:10 ~ 19:50,3103,CM205 F/C/I合班考試
107,1,505 管理學院學士班,2,CM205,E,財務管理,姜一銘,55,2019/1/10,09:00 ~ 12:00,3102,
107,1,505 管理學院學士班,2,CM201,G,統計學（上）,翁華鴻,42,2019/1/10,09:10 ~ 12:00,3112,CM201  G/H 合班考試；平面教室
107,1,505 管理學院學士班,2,CM201,H,統計學（上）,翁華鴻,34,2019/1/10,09:10 ~ 12:00,3105,CM201  G/H 合班考試；平面教室
107,1,505 管理學院學士班,2,CM201,F,統計學（上）,潘俊男,67,2019/1/10,09:10 ~ 12:00,3114,
107,1,505 管理學院學士班,2,CM218,C,總體經濟學,郭人誌,29,2019/1/10,17:10 ~ 20:00,2105,CM218 C/D 合班考試；一般教室
107,1,505 管理學院學士班,2,CM218,D,總體經濟學,郭人誌,53,2019/1/10,17:10 ~ 20:00,2113,CM218 C/D 合班考試；一般教室
107,1,505 管理學院學士班,2,CM220,F1,中級會計學（一）,鄭佳綺,81,2019/1/11,13:10 ~ 17:00,60312,請安排於R60312考試
107,1,505 管理學院學士班,2,CM233,A,泰語（一）,劉容秀,12,2019/1/11,13:10 ~ 16:00,60207,
107,1,505 管理學院學士班,2,CM307,A,團隊建立與管理,徐樂文,47,2019/1/11,13:10 ~ 16:00,3306,上課
107,1,505 管理學院學士班,2,CM106,E1,經濟學（下）,徐學忍,38,2019/1/11,18:30 ~ 20:00,3207,
107,1,505 管理學院學士班,3,CM313,H,全球行銷管理,鄒蘊欣,57,不考, ~ ,,
107,1,505 管理學院學士班,3,CM313,A,全球行銷管理,陳嬿伊,52,不考, ~ ,,
107,1,505 管理學院學士班,3,CM314,A,行銷傳播管理,陳志萍,79,不考, ~ ,,
107,1,505 管理學院學士班,3,CM348,A,領導才能發展,徐樂文,80,不考, ~ ,,
107,1,505 管理學院學士班,3,CM350,H,全球運籌管理,翁華鴻,49,不考, ~ ,,
107,1,505 管理學院學士班,3,CM368,E,國際企業談判,尤淨纓,36,不考, ~ ,,
107,1,505 管理學院學士班,3,CM375,A,溝通說服與談判,胡逸斌,87,不考, ~ ,,
107,1,505 管理學院學士班,3,CM384,A,人才培育與才能管理,黃瓊億,58,不考, ~ ,,
107,1,505 管理學院學士班,3,CM388,A,新創事業實務（一）,尤淨纓,16,不考, ~ ,,
107,1,505 管理學院學士班,3,CM457,C,銀行金融與證券投資實務,丘邦翰,135,不考, ~ ,,
107,1,505 管理學院學士班,3,CM327,C,衍生性金融商品,姜一銘,76,2019/1/7,09:00 ~ 12:00,3102,
107,1,505 管理學院學士班,3,CM302,A,供應鏈管理,湯玲郎,32,2019/1/7,09:10 ~ 12:00,3310,上課
107,1,505 管理學院學士班,3,CM315,A,產品管理,顏于翔,51,2019/1/7,09:10 ~ 12:00,60207,上課
107,1,505 管理學院學士班,3,CM325,G,財務報表分析,粘凱婷,37,2019/1/7,09:10 ~ 12:00,3107,上課
107,1,505 管理學院學士班,3,CM373,A,生涯與諮商心理學,陳懷傑,90,2019/1/7,09:10 ~ 12:00,70206,
107,1,505 管理學院學士班,3,CM315,B,產品管理,顏于翔,58,2019/1/7,14:10 ~ 17:00,70108,上課
107,1,505 管理學院學士班,3,CM332,F2,中級會計學（三）,王瑄,37,2019/1/7,14:10 ~ 17:00,3114,"CM332 F1/F2合班考試，兩間鄰近教室考試請安排三館教室"
107,1,505 管理學院學士班,3,CM332,F1,中級會計學（三）,王瑄,69,2019/1/7,14:10 ~ 17:00,3112,CM332 F1/F2合班考試，兩間鄰近教室考試請安排三館教室
107,1,505 管理學院學士班,3,CM370,A,創業管理概論,曾詠青,54,2019/1/7,14:10 ~ 17:00,60211,
107,1,505 管理學院學士班,3,CM324,G,金融市場與機構,陳一如,27,2019/1/8,09:10 ~ 12:00,60304,
107,1,505 管理學院學士班,3,CM351,E,國際貿易與金融,曾翊恆,49,2019/1/8,09:10 ~ 12:00,60205,
107,1,505 管理學院學士班,3,CM445,H,國際企業策略個案,廖東山,38,2019/1/8,09:10 ~ 12:00,60211,
107,1,505 管理學院學士班,3,CM380,C,金融機構管理,蔡湘萍,49,2019/1/8,10:10 ~ 12:00,2112,
107,1,505 管理學院學士班,3,CM318,C,國際金融,詹佳縈,88,2019/1/8,13:00 ~ 15:00,2102,CM318 C/G合班考試
107,1,505 管理學院學士班,3,CM318,G,國際金融,詹佳縈,46,2019/1/8,13:00 ~ 15:00,2113,CM318 C/G合班考試
107,1,505 管理學院學士班,3,CM222,C1,投資學,吳菊華,68,2019/1/8,13:10 ~ 16:00,60209,
107,1,505 管理學院學士班,3,CM465,E,商業分析概念與工具,吳佳虹,34,2019/1/8,13:10 ~ 16:00,60307,上課
107,1,505 管理學院學士班,3,CM385,F,成本與管理會計（上）,呂倩如,99,2019/1/8,16:10 ~ 19:00,3101、3107,CM385 F/F1 合班考試，平面教室
107,1,505 管理學院學士班,3,CM385,F1,成本與管理會計（上）,呂倩如,54,2019/1/8,16:10 ~ 19:00,3102,CM385 F/F1 合班考試，平面教室
107,1,505 管理學院學士班,3,CM304,A,服務行銷與管理,王明照,17,2019/1/9,09:10 ~ 12:00,2105,上課
107,1,505 管理學院學士班,3,CM364,E,產業組織與分析,吳佳虹,35,2019/1/9,09:10 ~ 12:00,3302,上課
107,1,505 管理學院學士班,3,CM460,C,財經數據分析方法,羅懷均,42,2019/1/9,09:10 ~ 12:00,60307,上課
107,1,505 管理學院學士班,3,CM379,A,產業分析,王明照,10,2019/1/9,14:10 ~ 17:00,1202,上課
107,1,505 管理學院學士班,3,CM323,D,計量經濟學,辛敬文,70,2019/1/9,16:00 ~ 18:30,2112,CM323  C/D合班考試
107,1,505 管理學院學士班,3,CM323,C,計量經濟學,辛敬文,35,2019/1/9,16:00 ~ 18:30,2111,CM323  C/D合班考試
107,1,505 管理學院學士班,3,CM202,A1,統計學（下）,羅懷均,85,2019/1/9,18:10 ~ 21:00,60104,
107,1,505 管理學院學士班,3,CM335,F,審計學（上）,楊炎杰,115,2019/1/10,09:10 ~ 12:00,70101,
107,1,505 管理學院學士班,3,CM449,G,財務軟體應用,駱建陵,24,2019/1/10,09:10 ~ 11:10,3701,
107,1,505 管理學院學士班,3,CM376,C,銀行實務專題,蔡富吉,30,2019/1/10,13:10 ~ 16:00,60210,
107,1,505 管理學院學士班,3,CM426,H,多元文化講座,黃文曄,22,2019/1/10,13:10 ~ 16:00,2004,上課
107,1,505 管理學院學士班,3,CM214,H,消費者行為,黃增隆,56,2019/1/11,09:00 ~ 12:00,60205,
107,1,505 管理學院學士班,3,CM338,F,稅務法規,潘俊男,114,2019/1/11,09:10 ~ 12:00,70206,需要大教室
107,1,505 管理學院學士班,3,CM447,A,行銷企劃,黃增隆,73,2019/1/11,13:10 ~ 16:00,60304,上課
107,1,505 管理學院學士班,3,CM353,A,休閒旅遊產業管理與實務,陳瑞倫,17,2019/1/12,09:10 ~ 12:00,60205,上課
107,1,505 管理學院學士班,4,CM309,A,人力資源管理專題,李弘暉,28,不考, ~ ,,
107,1,505 管理學院學士班,4,CM369,A,休閒與文創行銷,陳志萍,40,不考, ~ ,,
107,1,505 管理學院學士班,4,CM401,A,策略管理,羅憶如,17,不考, ~ ,,
107,1,505 管理學院學士班,4,CM407,A,行銷研究,鄒蘊欣,41,不考, ~ ,,
107,1,505 管理學院學士班,4,CM407,B,行銷研究,鄒蘊欣,41,不考, ~ ,,
107,1,505 管理學院學士班,4,CM409,B,行銷管理專題,廖淑伶,59,不考, ~ ,,
107,1,505 管理學院學士班,4,CM409,A,行銷管理專題,廖淑伶,46,不考, ~ ,,
107,1,505 管理學院學士班,4,CM431,A,商用英文,張容榕,10,不考, ~ ,,
107,1,505 管理學院學士班,4,CM431,F,商用英文,張中倩,20,不考, ~ ,,
107,1,505 管理學院學士班,4,CM435,A,企業實習（一）,羅懷均,81,不考, ~ ,,
107,1,505 管理學院學士班,4,CM455,A,營運計劃書撰寫與簡報技巧,盧煜煬,18,不考, ~ ,,
107,1,505 管理學院學士班,4,CM469,A,數位與行動商務,吳崇光,28,不考, ~ ,,
107,1,505 管理學院學士班,4,CM474,G,國際研習（一）,鄭佳綺,15,不考, ~ ,,
107,1,505 管理學院學士班,4,CM418,F,會計資訊系統,莊泉福,30,2019/1/7,09:10 ~ 12:00,60307,
107,1,505 管理學院學士班,4,CM428,C,財務創新,姜一銘,47,2019/1/7,14:10 ~ 17:00,3102,
107,1,505 管理學院學士班,4,CM460,D,財經數據分析方法,吳志強,27,2019/1/8,09:10 ~ 12:00,3701,
107,1,505 管理學院學士班,4,CM366,E,前瞻產業實務研究,吳佳虹,45,2019/1/9,14:10 ~ 17:00,3112,上課
107,1,505 管理學院學士班,4,CM415,F,高級會計學（上）,李品陞,89,2019/1/9,14:10 ~ 17:00,70101,
107,1,505 管理學院學士班,4,CM413,C,財務管理個案研討,陳一如,46,2019/1/10,09:10 ~ 12:00,60205,60205或60207
107,1,505 管理學院學士班,4,CM434,A,商場經營管理專題,江藍龍,22,2019/1/10,13:10 ~ 16:00,3304,上課
107,1,530 經營管理碩,1,CM664,M1,管理專題研討（I）,李伯謙,40,不考, ~ ,,
107,1,530 經營管理碩,1,CM513,C,多變量分析,曾芳美,18,2019/1/7,13:10 ~ 16:00,60307,上課
107,1,530 經營管理碩,1,CM689,D,行銷管理個案研究,廖淑伶,18,2019/1/7,13:10 ~ 16:00,3214,上課
107,1,530 經營管理碩,1,CM508,A,作業管理,鄭雅穗,24,2019/1/7,18:30 ~ 21:20,3304,上課
107,1,530 經營管理碩,1,CM503,M2,組織行為,李弘暉,35,2019/1/8,9:10 ~ 12:00,3207,上課
107,1,530 經營管理碩,1,CM503,M1,組織行為,黃敏萍,27,2019/1/8,9:10 ~ 12:00,2004,上課
107,1,530 經營管理碩,1,CM620,C,跨國營運管理,劉恒逸,14,2019/1/8,13:10 ~ 16:00,1202,上課
107,1,530 經營管理碩,1,CM544,A,供應鏈管理,湯玲郎,5,2019/1/8,14:10 ~ 17:00,60313B,上課
107,1,530 經營管理碩,1,CM569,D,國際零售業管理,謝國男,24,2019/1/9,9:10 ~ 12:00,3212,上課
107,1,530 經營管理碩,1,CM582,A,創新經營專題,曾詠青,27,2019/1/9,9:10 ~ 12:00,2011,上課
107,1,530 經營管理碩,1,CM504,M2,行銷管理,謝國男,29,2019/1/9,14:10 ~ 17:00,3214,上課
107,1,530 經營管理碩,1,CM504,M1,行銷管理,黃文曄,21,2019/1/9,14:10 ~ 17:00,60211,上課
107,1,530 經營管理碩,1,CM704,B,國際移動學習,黃敏萍,8,2019/1/9,14:10 ~ 17:00,60309,上課
107,1,530 經營管理碩,1,CM500,A,服務創新,王明照,22,2019/1/10,9:10 ~ 12:00,2423,上課
107,1,530 經營管理碩,1,CM686,C,國際金融與貿易,曾翊恆,19,2019/1/11,13:10 ~ 16:00,60307,上課
107,1,530 經營管理碩,1,CM706,B2,心理測量與人力資源實務專題,葉惠菁,15,2019/1/12,9:10 ~ 12:00,60313B,上課
107,1,530 經營管理碩,2,CM597,A,企業實習,劉恒逸,13,不考, ~ ,,
107,1,530 經營管理碩,2,CM610,M1,海外研習,曾詠青,9,不考, ~ ,,
107,1,530 經營管理碩,2,CM610,M2,海外研習,楊炎杰,17,不考, ~ ,,
107,1,530 經營管理碩,2,CM666,M1,管理專題研討（III）,陳家祥,34,不考, ~ ,,
107,1,530 經營管理碩,2,CM603,M1,策略管理,何建德,27,2019/1/8,14:10 ~ 17:00,3209,上課
107,1,530 經營管理碩,2,CM603,M2,策略管理,廖東山,23,2019/1/8,14:10 ~ 17:00,2011,上課
107,1,530 經營管理碩,2,CM709,D,行銷企劃與簡報,鄒蘊欣,19,2019/1/10,9:10 ~ 12:00,2004,上課
107,1,531 財會碩,1,CM523,S1,財務金融專題研討（一）,詹佳縈,20,不考, ~ ,,
107,1,531 財會碩,1,CM635,S1,國際投資專題研討,丘邦翰,38,不考, ~ ,,
107,1,531 財會碩,1,CM532,S2,高等審計學,楊炎杰,14,2019/1/7,9:10 ~ 12:00,3504,考試
107,1,531 財會碩,1,CM715,S4,公司治理與企業社會責任,張謙恆,18,2019/1/7,13:10 ~ 16:00,3504,考試
107,1,531 財會碩,1,CM522,S1,投資學,林智勇,23,2019/1/8,9:10 ~ 12:00,60209,考試
107,1,531 財會碩,1,CM530,S2,財務會計理論,吳瑞萱,17,2019/1/8,9:10 ~ 12:00,3504,考試
107,1,531 財會碩,1,CM506,S3,計量經濟學,莊惠菁,13,2019/1/8,13:10 ~ 16:00,3701,考試
107,1,531 財會碩,1,CM506,S2,計量經濟學,呂倩如,13,2019/1/8,14:10 ~ 17:00,3504,考試
107,1,531 財會碩,1,CM506,S1,計量經濟學,莊惠菁,9,2019/1/8,17:10 ~ 20:00,3701,考試
107,1,531 財會碩,1,CM505,S1,財務管理,夏侯欣榮,16,2019/1/9,9:10 ~ 12:00,60313B,考試
107,1,531 財會碩,1,CM520,S1,數量方法,邱敬貿,19,2019/1/9,14:10 ~ 17:00,3207,考試
107,1,531 財會碩,1,CM713,S2,會計師證照專題（一）,王瑄,9,2019/1/9,14:10 ~ 17:00,3504,考試
107,1,531 財會碩,1,CM671,S3,經濟分析,郭人誌,22,2019/1/11,13:10 ~ 16:00,60313B,考試
107,1,531 財會碩,2,CM611,S1,財務金融專題研討（三）,詹佳縈,25,不考, ~ ,,
107,1,531 財會碩,2,CM650,S2,會計專題研討（二）,粘凱婷,13,不考, ~ ,,
107,1,531 財會碩,2,CM631,S1,金融市場與機構,蔡湘萍,11,2019/1/7,13:10 ~ 16:00,60313B,考試
107,1,531 財會碩,2,CM632,S1,風險管理,李詩政,19,2019/1/10,9:10 ~ 12:00,3209,考試
107,1,532 管理碩專,1,GM541,A,管理專題研討,盧煜煬,16,不考, ~ ,,不考
107,1,532 管理碩專,1,GM585,A,海外研習,謝志宏,21,不考, ~ ,,
107,1,532 管理碩專,1,GM705,A,品牌經營與管理,陳志萍,33,不考, ~ ,,
107,1,532 管理碩專,1,GM751,A,激勵與領導研習,謝志宏,64,不考, ~ ,,
107,1,532 管理碩專,1,GM673,A,投資管理,丘邦翰,30,2019/1/7,18:30 ~ 21:20,60210,自行安排60210教室
107,1,532 管理碩專,1,GM719,A,創新與技術管理,徐紹中,29,2019/1/7,18:30 ~ 21:20,60211,期末報告
107,1,532 管理碩專,1,GM732,A,公司治理,沈仰斌,23,2019/1/7,18:30 ~ 21:20,60304,考試或報告
107,1,532 管理碩專,1,GM511,A,行銷管理,李伯謙,50,2019/1/8,18:30 ~ 21:20,60304,報告與討論
107,1,532 管理碩專,1,GM672,A,顧客關係管理,陳家祥,29,2019/1/8,18:30 ~ 21:20,3307,報告與討論
107,1,532 管理碩專,1,GM701,A1,組織行為與領導,黃敏萍,32,2019/1/9,18:30 ~ 21:20,3304,報告與討論
107,1,532 管理碩專,1,GM740,A,領導變革,劉其昌,30,2019/1/9,18:30 ~ 21:20,3306,報告與討論
107,1,532 管理碩專,1,GM701,B,組織行為與領導,李弘暉,41,2019/1/10,18:30 ~ 21:20,60304,報告與討論
107,1,532 管理碩專,1,GM511,B,行銷管理,黃增隆,38,2019/1/12,9:00 ~ 12:00,60304,報告與討論
107,1,532 管理碩專,1,GM746,A,企業經營與問題診斷,王建彬,30,2019/1/12,9:00 ~ 12:00,60210,上課與報告
107,1,532 管理碩專,1,GM634,A,人力資源管理,晉麗明,30,2019/1/12,13:00 ~ 16:00,60402,週六請繼續安排60402R
107,1,532 管理碩專,1,GM752,A,市場規劃管理,陳輝遠,30,2019/1/12,13:00 ~ 16:00,60304,改教室報告與討論
107,1,532 管理碩專,2,GM648,A,策略管理,劉恒逸,35,不考, ~ ,,不考
107,1,532 管理碩專,2,GM648,B,策略管理,吳相勳,32,2019/1/12,9:00 ~ 12:00,60402,週六請繼續安排60402R
107,1,554 管理博,1,CM901,A,社會科學研究方法,李伯謙,13,不考, ~ ,,
107,1,554 管理博,1,CM924,A,高等公司理財,羅懷均,4,不考, ~ ,,
107,1,554 管理博,1,CM943,A,策略理論與管理,廖東山,7,不考, ~ ,,
107,1,554 管理博,1,CM945,A,服務設計與系統創新管理,湯玲郎,14,不考, ~ ,,
107,1,554 管理博,1,CM918,A,行銷策略,顏于翔,12,2019/1/9,18:30 ~ 21:20,60211,上課
107,1,600 人社院          ,1,HS112,A,基礎數位自造,林楚卿,22,不考, ~ ,,
107,1,601 應外系          ,1,FL134,A,英文課外閱讀（一）,柯宜中,57,不考, ~ ,,不考
107,1,601 應外系          ,1,FL135,A,英文課外閱讀（二）,柯宜中,12,不考, ~ ,,不考
107,1,601 應外系          ,1,FL151,A,跨文化溝通,劉愛萍,51,2019/1/7,13:10 ~ 15:00,1204,
107,1,601 應外系          ,1,FL149,B,日語聽解與表達（一）,林淑璋,29,2019/1/8,12:10 ~ 14:00,5730,FL149A/B兩班合考
107,1,601 應外系          ,1,FL149,A,日語聽解與表達（一）,吳翠華,28,2019/1/8,12:10 ~ 14:00,5730,FL149A/B兩班合考
107,1,601 應外系          ,1,FL144,A,日語（一）,薛芸如,58,2019/1/9,10:10 ~ 12:00,5706,1/7(一)10:10~12:00停課一次。
107,1,601 應外系          ,1,FL149,A,日語聽解與表達（一）,吳翠華,28,2019/1/10,08:10 ~ 10:00,2102,
107,1,601 應外系          ,1,FL149,B,日語聽解與表達（一）,林淑璋,29,2019/1/10,10:10 ~ 12:00,2102,
107,1,601 應外系          ,1,FL380,A,閱讀與討論,闕郁軒,27,2019/1/10,14:10 ~ 16:00,2111,
107,1,601 應外系          ,1,FL380,B,閱讀與討論,闕郁軒,28,2019/1/10,16:10 ~ 18:00,2111,
107,1,601 應外系          ,1,FL313,A,英語溝通技巧,安琪拉,31,2019/1/11,13:10 ~ 15:00,5708,
107,1,601 應外系          ,1,FL313,B,英語溝通技巧,安琪拉,31,2019/1/11,15:10 ~ 17:00,5708,
107,1,601 應外系          ,2,FL242,A,英文課外閱讀（三）,柯宜中,60,不考, ~ ,,不考
107,1,601 應外系          ,2,FL243,A,英文課外閱讀（四）,柯宜中,11,不考, ~ ,,不考
107,1,601 應外系          ,2,FL250,A,進階英文（一）,柯宜中,36,2019/1/7,08:10 ~ 10:00,5730,
107,1,601 應外系          ,2,FL250,B,進階英文（一）,柯宜中,33,2019/1/7,10:10 ~ 12:00,5730,
107,1,601 應外系          ,2,FL244,A,西洋文學概論,楊薇雲,62,2019/1/7,13:10 ~ 15:00,5730,
107,1,601 應外系          ,2,FL254,B,日語演說（一）,廖秀娟,39,2019/1/9,12:10 ~ 14:00,5730,FL254AB兩班合考，期中考週203.204停課
107,1,601 應外系          ,2,FL254,A,日語演說（一）,廖秀娟,35,2019/1/9,12:10 ~ 14:00,5730,FL254AB兩班合考，期中考週201.202停課
107,1,601 應外系          ,2,FL256,A,日語習作（一）,廖秀娟,34,2019/1/9,14:10 ~ 15:00,5733,
107,1,601 應外系          ,2,FL256,B,日語習作（一）,廖秀娟,32,2019/1/9,15:10 ~ 16:00,5733,
107,1,601 應外系          ,2,FL252,A,日語（三）,梁蘊嫻,78,2019/1/9,16:10 ~ 18:00,2423,上課
107,1,601 應外系          ,2,FL250,B,進階英文（一）,柯宜中,33,2019/1/10,08:10 ~ 09:00,5733,助教課考試
107,1,601 應外系          ,2,FL264,A,日本兒童文學,吳翠華,28,2019/1/10,10:10 ~ 12:00,5708,
107,1,601 應外系          ,2,FL250,A,進階英文（一）,柯宜中,36,2019/1/10,13:10 ~ 14:00,5730,FL250A/B合班上課
107,1,601 應外系          ,2,FL250,B,進階英文（一）,柯宜中,33,2019/1/10,13:10 ~ 14:00,5730,FL250A/B合班上課
107,1,601 應外系          ,2,FL250,A,進階英文（一）,柯宜中,36,2019/1/10,14:10 ~ 15:00,5730,助教課考試
107,1,601 應外系          ,2,FL355,A,劇場藝術（一）,劉唐成,19,2019/1/10,15:10 ~ 17:00,5708,
107,1,601 應外系          ,2,FL367,A,專業語文概論,華紫伶,58,2019/1/11,08:10 ~ 11:00,2425,上課
107,1,601 應外系          ,2,FL252,A,日語（三）,梁蘊嫻,78,2019/1/11,13:10 ~ 15:00,2423,
107,1,601 應外系          ,3,FL358,A,日文課外閱讀〈一〉,吳翠華,57,不考, ~ ,,不考
107,1,601 應外系          ,3,FL359,A,日文課外閱讀〈二〉,吳翠華,10,不考, ~ ,,不考
107,1,601 應外系          ,3,FL314,A,商用英文,趙懷梓,34,2018/12/24,08:10 ~ 10:00,5733,提前考試，期末考周停課。
107,1,601 應外系          ,3,FL314,B,商用英文,趙懷梓,33,2018/12/24,10:10 ~ 12:00,5733,提前考試，期末考周停課。
107,1,601 應外系          ,3,FL381,A,進階日語（一）,林淑璋,21,2019/1/7,10:10 ~ 12:00,5708,
107,1,601 應外系          ,3,FL399,A,實用日語,陳岐理,35,2019/1/7,13:10 ~ 15:00,2102,
107,1,601 應外系          ,3,FL397,A,觀光英文,黃淑芬,35,2019/1/7,16:10 ~ 18:00,5708,
107,1,601 應外系          ,3,FL383,A,日語（五）,林淑璋,45,2019/1/8,08:10 ~ 10:00,1202,
107,1,601 應外系          ,3,FL442,A,英語簡報技巧,陳怡蓁,35,2019/1/8,10:10 ~ 12:00,5708,上課
107,1,601 應外系          ,3,FL342,A,西洋文學專題：詩,鄧名韻,29,2019/1/8,13:10 ~ 15:00,5733,
107,1,601 應外系          ,3,FL340,A,英語教學理論及方法,柯宜中,36,2019/1/8,15:10 ~ 17:00,5708,上課
107,1,601 應外系          ,3,FL379,A1,日文筆譯,薛芸如,14,2019/1/8,15:10 ~ 17:00,5733,
107,1,601 應外系          ,3,FL248,A,英文筆譯實務,陳育琳,32,2019/1/9,09:10 ~ 12:00,5730,
107,1,601 應外系          ,3,FL386,A,日本文學導讀,廖秀娟,36,2019/1/9,09:10 ~ 12:00,5708,
107,1,601 應外系          ,3,FL249,A,社會語言學,陳怡蓁,32,2019/1/10,09:10 ~ 12:00,5733,
107,1,601 應外系          ,3,FL449,A,日語溝通技巧,中澤一亮,45,2019/1/10,15:10 ~ 17:00,5730,
107,1,601 應外系          ,4,FL362,A,寫作實務（一）,系主任等,4,不考, ~ ,,不考
107,1,601 應外系          ,4,FL363,A,寫作實務（二）,系主任等,58,不考, ~ ,,不考
107,1,601 應外系          ,4,FL455,A,日文課外閱讀（三）,吳翠華,63,不考, ~ ,,不考
107,1,601 應外系          ,4,FL456,A,日文課外閱讀（四）,吳翠華,7,不考, ~ ,,不考
107,1,601 應外系          ,4,FL270,A,觀光導覽日文,郭獻尹,27,2019/1/7,10:10 ~ 12:00,2105,
107,1,601 應外系          ,4,FL367,B,專業語文概論,林佳燕,26,2019/1/7,13:10 ~ 15:00,5708,
107,1,601 應外系          ,4,FL445,A,日語口譯實務,雷旻寧,38,2019/1/8,13:10 ~ 15:00,5708,
107,1,601 應外系          ,4,FL469,A,職場日語會話,薛芸如,38,2019/1/9,15:10 ~ 17:00,5708,
107,1,601 應外系          ,4,FL458,A,日本研究,梁蘊嫻,24,2019/1/11,08:10 ~ 10:00,5708,
107,1,601 應外系          ,4,FL458,B,日本研究,梁蘊嫻,39,2019/1/11,10:10 ~ 12:00,5708,
107,1,601 應外系          ,4,FL365,A,翻譯研究,劉冠麟,27,2019/1/11,13:10 ~ 15:00,5730,
107,1,602 中語系          ,1,CC115,A,史記（一）,鍾雲鶯,34,2019/1/7,13:10 ~ 15:00,2113,
107,1,602 中語系          ,1,CC377,A,國畫（一）,莊壹竹,20,2019/1/7,15:10 ~ 17:00,2010,
107,1,602 中語系          ,1,CC176,A,讀書指導,何威萱,69,2019/1/8,08:10 ~ 10:00,5103,
107,1,602 中語系          ,1,CC143,B,現代文學創意習作（一）,洪士惠,30,2019/1/8,10:10 ~ 12:00,2113,
107,1,602 中語系          ,1,CC143,A,現代文學創意習作（一）,李翠瑛,27,2019/1/8,13:10 ~ 15:00,1113,
107,1,602 中語系          ,1,CC137,A,語言學概論（一）,徐富美,63,2019/1/8,15:10 ~ 17:00,5706,
107,1,602 中語系          ,1,CC267,A,二十世紀中國文學史（一）,洪士惠,65,2019/1/9,15:10 ~ 17:00,2102,
107,1,602 中語系          ,2,CC211,A,書法（一）,李翠瑛,31,不考, ~ ,,交作品
107,1,602 中語系          ,2,CC293,A,華語教學,徐富美,45,不考, ~ ,,交報告
107,1,602 中語系          ,2,CC457,A,漢語語法（一）,徐富美,26,不考, ~ ,,交作業
107,1,602 中語系          ,2,CC201,A,中國文學史（一）,鍾雲鶯,68,2019/1/7,10:10 ~ 12:00,2102,
107,1,602 中語系          ,2,CC461,A,尚書（一）,何威萱,67,2019/1/7,15:10 ~ 17:00,5706,
107,1,602 中語系          ,2,CC279,A,文學傳播學,洪士惠,75,2019/1/8,13:10 ~ 15:00,2423,
107,1,602 中語系          ,2,CC451,A,亞洲華文文學（一）,鍾怡雯,108,2019/1/8,15:10 ~ 17:00,70206,
107,1,602 中語系          ,2,CC455,A,道家經典（一）,胡順萍,27,2019/1/9,10:10 ~ 12:00,5103,
107,1,602 中語系          ,2,CC294,A,文字學,黃智明,67,2019/1/10,08:10 ~ 10:00,60209,
107,1,602 中語系          ,2,CC203,A,詩選及習作（一）,黃智明,62,2019/1/10,10:10 ~ 12:00,60209,
107,1,602 中語系          ,2,CC297,A,文獻大數據管理與應用,吳清輝,58,2019/1/10,13:10 ~ 15:00,5006,
107,1,602 中語系          ,3,CC257,A,左傳（一）,黃智明,42,不考, ~ ,,交報告
107,1,602 中語系          ,3,CC276,A,專案實習,朱玉昌,12,不考, ~ ,,
107,1,602 中語系          ,3,CC317,A,易經（一）,胡順萍,48,2019/1/7,10:10 ~ 12:00,2423,
107,1,602 中語系          ,3,CC207,A,歷代文選及習作（一）,胡順萍,54,2019/1/7,13:10 ~ 15:00,5706,
107,1,602 中語系          ,3,CC392,A,專家詩,劉威志,14,2019/1/8,13:10 ~ 15:00,2103,
107,1,602 中語系          ,3,CC435,A,中國美學思想（一）,李翠瑛,34,2019/1/8,15:10 ~ 17:00,2423,
107,1,602 中語系          ,3,CC384,A,全球化與華人文化（一）,何威萱,54,2019/1/9,15:10 ~ 17:00,5706,
107,1,602 中語系          ,3,CC323,A,楚辭（一）,劉威志,56,2019/1/10,10:10 ~ 12:00,70203,
107,1,602 中語系          ,3,CC337,A,詞選及習作（一）,劉威志,66,2019/1/11,08:10 ~ 10:00,5706,
107,1,602 中語系          ,3,CC386,A,聲韻學,徐富美,60,2019/1/11,10:10 ~ 12:00,5706,
107,1,602 中語系          ,4,CC446,A,畢業製作,黃智明,69,不考, ~ ,,交作業
107,1,602 中語系          ,4,CC332,A,文學與電影,李翠瑛,81,2019/1/7,15:10 ~ 17:00,2425,
107,1,602 中語系          ,4,CC401,A,中國思想史（一）,胡順萍,61,2019/1/8,09:10 ~ 11:00,5706,
107,1,602 中語系          ,4,CC463,A,現代小說專題,羅志強,16,2019/1/8,13:10 ~ 15:00,1204,
107,1,603 藝設系,1,AD117,B,藝術創作（一）,林冠名,17,2019/1/8,13:10 ~ 16:00,2620,希望安排在2620教室
107,1,603 藝設系,1,AD117,A,藝術創作（一）,蘇孟鴻,17,2019/1/8,14:10 ~ 17:00,3424,
107,1,603 藝設系,1,AD117,C,藝術創作（一）,黃蘭雅,15,2019/1/8,14:10 ~ 17:00,3428,上課
107,1,603 藝設系,1,AD153,A,素描,王弘志,31,2019/1/9,14:10 ~ 17:00,8705,上課
107,1,603 藝設系,1,AD115,A,設計創作（一）,陳冠華,19,2019/1/10,14:10 ~ 17:00,3424,
107,1,603 藝設系,1,AD115,B,設計創作（一）,賴俊甫,18,2019/1/10,14:10 ~ 17:00,3426,
107,1,603 藝設系,1,AD115,C,設計創作（一）,王耀邦,15,2019/1/10,14:10 ~ 17:00,3428,
107,1,603 藝設系,1,AD250,A,設計電腦繪圖（一）,王駿揚,56,2019/1/11,13:10 ~ 16:00,3211,希望安排在3211教室
107,1,603 藝設系,2,AD271,A,藝術與美學講座（一）,阮慶岳,149,2019/1/7,17:10 ~ 19:20,70103,上課
107,1,603 藝設系,2,AD220,A,設計創作（三）,何炯德,19,2019/1/8,14:10 ~ 18:00,3527,
107,1,603 藝設系,2,AD220,B,設計創作（三）,黃琬雯,18,2019/1/8,14:10 ~ 18:00,3523,
107,1,603 藝設系,2,AD220,C,設計創作（三）,蘇哲甫,16,2019/1/8,14:10 ~ 18:00,3525,
107,1,603 藝設系,2,AD220,D,設計創作（三）,林耀正,16,2019/1/8,14:10 ~ 18:00,3430,
107,1,603 藝設系,2,AD215,A,東亞藝術史,龔詩文,88,2019/1/9,09:10 ~ 12:00,3208,上課
107,1,603 藝設系,2,AD278,A,設計製圖（一）,陳冠華,43,2019/1/9,14:10 ~ 17:00,2007,上課
107,1,603 藝設系,2,AD262,A,造形美學（一）,洪浩鈞,19,2019/1/10,13:10 ~ 17:00,2007,
107,1,603 藝設系,2,AD222,B,藝術創作（三）,王雅慧,15,2019/1/10,14:10 ~ 17:00,2010,
107,1,603 藝設系,2,AD222,A1,藝術創作（三）,王弘志,18,2019/1/10,14:10 ~ 17:00,2005,
107,1,603 藝設系,2,AD222,C1,藝術創作（三）,廖堉安,16,2019/1/10,14:10 ~ 17:00,2011,
107,1,603 藝設系,2,AD268,A,進階設計電腦繪圖,林楚卿,26,2019/1/11,08:00 ~ 13:00,3310,希望安排在3館PBL教室
107,1,603 藝設系,3,AD372,A,當代藝術與設計思潮,鄒淑慧,79,2019/1/7,13:10 ~ 16:00,60104,上課
107,1,603 藝設系,3,AD320,A,複合媒材創作（一）,王璽安,45,2019/1/8,14:10 ~ 17:00,2005,
107,1,603 藝設系,3,AD373,A,建築空間與數位影像思維/實作,陳怡潔,48,2019/1/9,10:10 ~ 13:00,2004,
107,1,603 藝設系,3,AD313,C,藝術與設計創作（一）,林楚卿,15,2019/1/9,12:10 ~ 18:00,3304,
107,1,603 藝設系,3,AD313,D,藝術與設計創作（一）,徐顥,12,2019/1/9,14:10 ~ 18:00,2006,
107,1,603 藝設系,3,AD313,E,藝術與設計創作（一）,阮慶岳,15,2019/1/9,14:10 ~ 18:00,2011,
107,1,603 藝設系,3,AD313,B,藝術與設計創作（一）,牛俊強,14,2019/1/9,14:10 ~ 18:00,2010,
107,1,603 藝設系,3,AD313,A,藝術與設計創作（一）,郭慧禪,16,2019/1/9,14:10 ~ 18:00,2004,
107,1,603 藝設系,3,AD441,A,互動科技裝置：概論與程式,林楚卿,15,2019/1/10,08:10 ~ 13:00,3302,希望安排在3館PBL教室
107,1,603 藝設系,3,AD353,A,設計史,黃琬雯,41,2019/1/10,14:10 ~ 17:00,2115,上課
107,1,603 藝設系,3,AD315,A,結構與造型概論（一）,陳冠華,53,2019/1/11,13:10 ~ 18:00,3112,
107,1,603 藝設系,4,AD411,B,藝術與設計創作（三）,蘇孟鴻,27,2019/1/7,13:10 ~ 17:00,3212,
107,1,603 藝設系,4,AD411,A,藝術與設計創作（三）,陳冠華,17,2019/1/7,13:10 ~ 17:00,2004,
107,1,604 社政系,1,SC133,A,社會學,李玉瑛,60,2019/1/7,13:10 ~ 16:00,2604,
107,1,604 社政系,1,SC131,A,社會福利概論,王淑芬,54,2019/1/8,09:10 ~ 12:00,1213,
107,1,604 社政系,1,SC117,A,政治學,洪泉湖,36,2019/1/8,14:10 ~ 17:00,5103,
107,1,604 社政系,1,SC119,A,行政學,吳正中,62,2019/1/9,09:10 ~ 12:00,2101,
107,1,604 社政系,1,SC116,A,台灣社會問題,王安琪,56,2019/1/9,14:10 ~ 16:00,2601,
107,1,604 社政系,2,SC238,A,勞動問題與政策,簡秀蓮,70,2019/1/7,13:10 ~ 15:00,2606,
107,1,604 社政系,2,SC247,A,社會學理論（上）,王佳煌,56,2019/1/7,16:10 ~ 18:00,2603,
107,1,604 社政系,2,SC249,A,大數據與政策分析應用進階,劉宜君,44,2019/1/8,09:10 ~ 12:00,5002,上課
107,1,604 社政系,2,SC245,A,社會統計,王盈婷,65,2019/1/8,14:10 ~ 17:00,2425,
107,1,604 社政系,2,SC337,A,社會個案工作,王綵喬,63,2019/1/9,09:10 ~ 12:00,3306,上課
107,1,604 社政系,2,SC245,A,社會統計,王盈婷,65,2019/1/9,14:10 ~ 15:00,5003,電腦教室
107,1,604 社政系,2,SC424,A,傳播社會學,彭芸,61,2019/1/10,13:10 ~ 16:00,60203,
107,1,604 社政系,3,SC301,A,社會學理論（上）,林倩如,35,不考, ~ ,,不考
107,1,604 社政系,3,SC324,A,實地工作（實習）（一）,李玉瑛,60,不考, ~ ,,
107,1,604 社政系,3,SC339,A,文化政策,吳兆鈺,20,2019/1/7,13:10 ~ 16:00,2601,
107,1,604 社政系,3,SC341,A,社區組織與發展,謝登旺,59,2019/1/8,09:10 ~ 12:00,60104,
107,1,604 社政系,3,SC322,A,社會研究方法（上）,李俊豪,65,2019/1/8,13:10 ~ 14:00,5002,電腦教室
107,1,604 社政系,3,SC340,A,政策溝通,彭芸,68,2019/1/8,14:10 ~ 17:00,1213,
107,1,604 社政系,3,SC322,A,社會研究方法（上）,李俊豪,65,2019/1/10,09:10 ~ 12:00,5706,
107,1,604 社政系,3,SC345,A,社會政策與社會立法,王乃琳,58,2019/1/10,13:10 ~ 16:00,2423,
107,1,604 社政系,4,SC406,A,實地工作（實習）（二）,系主任等,59,不考, ~ ,,不考
107,1,604 社政系,4,SC423,A,實地工作（實習）Ⅲ,劉宜君,7,不考, ~ ,,不考
107,1,604 社政系,4,SC427,A,社會企業與社會創新,吳正中,24,2019/1/7,09:10 ~ 12:00,2111,
107,1,604 社政系,4,SC401,A,政治經濟學專題,劉阿榮,61,2019/1/7,14:10 ~ 17:00,2423,
107,1,608 人社英專,1,IH107,A,藝術與設計概論（一）,黃琬雯,38,不考, ~ ,,不考
107,1,608 人社英專,1,IH111,A,企業倫理與社會責任,阮氏蘭英,31,不考, ~ ,,不考
107,1,608 人社英專,1,IH105,A,跨文化溝通,柯宜中,40,2019/1/10,10:10 ~ 12:00,電腦教室,1/10 早上10-12進行期末考
107,1,608 人社英專,1,IH109,A,社會學概論,王盈婷,37,2019/1/10,13:10 ~ 16:00,2112,
107,1,608 人社英專,1,IH103,A,基礎口語傳播,湯瑪斯,37,2019/1/11,08:10 ~ 10:00,3306,
107,1,608 人社英專,2,IH205,A,西洋文學概論,楊薇雲,34,2019/1/7,10:10 ~ 12:00,5706,
107,1,608 人社英專,2,IH207,A,跨文化溝通技巧,劉愛萍,30,2019/1/7,15:10 ~ 17:00,1204,
107,1,608 人社英專,2,IH209,A,設計電腦繪圖（一）,雷傑,39,2019/1/9,14:10 ~ 17:00,2005,
107,1,608 人社英專,2,IH211,A,文化創意產業,陳怡蓁,31,2019/1/10,13:10 ~ 16:00,5733,上課
107,1,608 人社英專,2,IH203,A,會展接待技巧,李銓鑫,40,2019/1/11,09:10 ~ 12:00,5103,上課
107,1,621 應外碩          ,1,FL563,A,英文寫作,林佳燕,5,不考, ~ ,,不考
107,1,621 應外碩          ,1,FL570,A,論文寫作指導（一）,廖秀娟,5,2019/1/7,18:30 ~ 21:20,5710,
107,1,621 應外碩          ,1,FL518,A,教學理論與方法,陳育琳,7,2019/1/8,09:10 ~ 12:00,5710,
107,1,621 應外碩          ,1,FL537,A,語用論,林佳燕,5,2019/1/9,09:10 ~ 12:00,5710,上課
107,1,621 應外碩          ,1,FL530,A,日本文學與文化,吳翠華,12,2019/1/9,18:30 ~ 21:20,5710,
107,1,621 應外碩          ,1,FL568,A,網路教材設計與應用,中澤一亮,10,2019/1/10,09:10 ~ 12:00,5710,
107,1,621 應外碩          ,1,FL574,A1,日語文獻解讀,林淑璋,8,2019/1/10,18:30 ~ 21:20,5710,
107,1,621 應外碩          ,1,FL579,A,日本當代流行文化,李世暉,13,2019/1/12,09:10 ~ 12:00,5710,依照教師公告行事曆
107,1,622 中語碩,1,CC509,A,古典文學專題,王力堅,7,不考, ~ ,,
107,1,622 中語碩,1,CC544,A,現代小說研究專題,洪士惠,9,不考, ~ ,,
107,1,622 中語碩,1,CC546,A,論文寫作（一）,鍾怡雯,5,不考, ~ ,,報告
107,1,622 中語碩,1,CC555,A,王陽明及其後學思想專題,何威萱,6,不考, ~ ,,
107,1,622 中語碩,1,CC556,A,生態語言學專題,徐富美,7,不考, ~ ,,報告
107,1,623 藝設碩,1,AM565,A,設計史專題,黃琬雯,5,2019/1/7,14:10 ~ 17:00,2005,
107,1,623 藝設碩,1,AM556,A,藝術策展,阮慶岳,7,2019/1/8,14:10 ~ 17:00,2104,
107,1,623 藝設碩,1,AM531,A,藝術史方法論,龔詩文,5,2019/1/10,09:10 ~ 12:00,2010,
107,1,623 藝設碩,1,AM566,A,專業實習（一）,鄒淑慧,5,2019/1/11,09:10 ~ 12:00,8702,
107,1,623 藝設碩,2,AM653,A,歐美藝術史,鄒淑慧,6,2019/1/8,09:10 ~ 12:00,2605,
107,1,623 藝設碩,2,AM542,A,中國早期繪畫,龔詩文,5,2019/1/9,14:10 ~ 17:00,3212,希望排在R3212
107,1,623 藝設碩,2,AM537,A,專業實習（三）,阮慶岳,6,2019/1/11,09:10 ~ 12:00,8708,
107,1,624 社政碩,1,SC501,A,社會學理論,李玉瑛,12,不考, ~ ,,不考
107,1,624 社政碩,1,SC518,A,東亞社會研究（海外研習）,謝登旺,8,不考, ~ ,,不考
107,1,624 社政碩,1,SC522,B,論文寫作與指導,李玉瑛,12,不考, ~ ,,不考
107,1,624 社政碩,1,SC556,C,科技與社會專題,王佳煌,6,2019/1/7,18:30 ~ 21:20,5509,
107,1,624 社政碩,1,SC538,C,政策科學專題,劉宜君,12,2019/1/8,18:30 ~ 21:20,5509,
107,1,624 社政碩,1,SC543,A,危機管理,陳勁甫,10,2019/1/9,14:10 ~ 17:00,5732,
107,1,624 社政碩,1,SC505,B,非營利組織的經營與管理,謝登旺,40,2019/1/9,18:30 ~ 21:20,5606,
107,1,624 社政碩,1,SC544,C,文化創意產業專題,丘昌泰,8,2019/1/9,18:30 ~ 21:20,5509,
107,1,624 社政碩,1,SC550,A,社會統計專題,李俊豪,5,2019/1/9,18:30 ~ 21:20,5732,
107,1,624 社政碩,1,SC552,B,傳播與社會,彭芸,16,2019/1/10,18:30 ~ 21:20,5732,
107,1,624 社政碩,1,SC557,B,公共管理專題,丘昌泰,7,2019/1/10,18:30 ~ 21:20,5501,
107,1,624 社政碩,1,SC523,B,社會學專題,黃秋龍,6,2019/1/11,18:30 ~ 21:20,5606,
107,1,624 社政碩,2,SC522,A,論文寫作與指導,劉宜君,7,2019/1/10,13:10 ~ 16:00,5732,上課
107,1,656 文產博,1,IP001,A,文化產業理論與政策專題研究,丘昌泰,6,2019/1/10,09:10 ~ 12:00,5501,上課
107,1,656 文產博,1,IP013,A,藝術與設計實作研究,蘇孟鴻,3,2019/1/10,14:10 ~ 17:00,3209,上課
107,1,656 文產博,2,IP018,A,獨立研究（二）,丘昌泰,7,不考, ~ ,,不考
107,1,656 文產博,2,IP007,A,論文寫作與指導,謝登旺,4,2019/1/7,09:10 ~ 12:00,5501,上課
107,1,656 文產博,2,IP021,A,文化資產保護政策專題研究,龔詩文,2,2019/1/10,14:10 ~ 17:00,5501,上課
107,1,656 文產博,2,IP019,A,台灣文化產業發展專題研究,徐富美,2,2019/1/11,13:10 ~ 16:00,5501,上課
107,1,700 資訊院          ,1,CI101,A,設計思維,李佳穎,32,不考, ~ ,,
107,1,700 資訊院          ,1,CI102,A,資訊志工訓練-基礎程式設計,張經略,19,不考, ~ ,,
107,1,701 資管系          ,1,IM122,A,經濟學,葉佳炫,129,2019/1/7,10:10 ~ 12:00,1501A、1202、3103,隔排坐3間教室
107,1,701 資管系          ,1,IM119,A,程式設計（一）,林志麟,55,2019/1/7,14:10 ~ 16:00,1611,上機考2小時
107,1,701 資管系          ,1,IM119,B,程式設計（一）,郭文嘉,89,2019/1/8,13:10 ~ 16:00,1611,上機考
107,1,701 資管系          ,1,IM112,B,計算機概論,謝瑞建,64,2019/1/8,16:10 ~ 18:00,1501A、1501B、1401A,"IM112AB班合考,總共129人,3間教室"
107,1,701 資管系          ,1,IM112,A,計算機概論,謝瑞建,64,2019/1/8,16:10 ~ 18:00,1501A、1501B、1401A,"IM112AB班合考,總共129人,3間教室"
107,1,701 資管系          ,1,IM127,A,微積分（含演習）（一）,葉佳炫,123,2019/1/9,10:10 ~ 12:00,70103、70112,隔排坐2間教室
107,1,701 資管系          ,2,IM234,C,資訊管理會計,袁鳳清,28,不考, ~ ,,不考
107,1,701 資管系          ,2,IM236,C,數據分析導論,盧以詮,67,不考, ~ ,,期末報名電子上傳
107,1,701 資管系          ,2,IM238,C,社群行銷實務,吳思佩,26,不考, ~ ,,不考
107,1,701 資管系          ,2,IM106,A,管理學,王秉鈞,64,2019/1/7,10:10 ~ 14:00,1102,不考試要報告
107,1,701 資管系          ,2,IM106,B,管理學,林耀欽,66,2019/1/7,10:10 ~ 12:00,1501B,隔排坐
107,1,701 資管系          ,2,IM214,B,資料結構,楊錦生,55,2019/1/8,09:10 ~ 12:00,1109、1111,"隔排坐,2間教室"
107,1,701 資管系          ,2,IM214,A,資料結構,劉俞志,43,2019/1/8,10:10 ~ 12:00,1501A,隔排坐
107,1,701 資管系          ,2,IM226,C,網際網路程式設計,郭文嘉,70,2019/1/9,14:10 ~ 17:00,1611,上機考
107,1,701 資管系          ,2,IM216,A,離散數學,龐金宗,134,2019/1/10,10:10 ~ 12:00,1102、1501B、3104,隔排坐3間教室
107,1,701 資管系          ,2,IM231,A,統計學（一）,葉佳炫,138,2019/1/11,09:10 ~ 11:00,70103、70108、70109,隔排坐3間教室
107,1,701 資管系          ,3,IM303,B,系統分析與設計,陸承志,64,2019/1/7,14:10 ~ 17:00,60105,不考試要報告
107,1,701 資管系          ,3,IM303,A,系統分析與設計,袁鳳清,47,2019/1/7,15:10 ~ 17:00,1501B,隔排坐
107,1,701 資管系          ,3,IM337,C,資訊人員溝通,李婷,36,2019/1/8,09:10 ~ 12:00,1503,"不考試,要上課"
107,1,701 資管系          ,3,IM316,B,管理科學,陳志成,59,2019/1/9,09:10 ~ 12:00,1501A,隔排坐
107,1,701 資管系          ,3,IM313,A,財務管理,盧以詮,63,2019/1/9,14:10 ~ 17:00,1501A、1501B、1109,"IM313AB班合考,總共119人,3間教室"
107,1,701 資管系          ,3,IM313,B,財務管理,盧以詮,56,2019/1/9,14:10 ~ 17:00,1501A、1501B、1109,"IM313AB班合考,總共119人,3間教室"
107,1,701 資管系          ,3,IM345,C,Python程式設計,陸承志,62,2019/1/10,10:10 ~ 12:00,1611,上機考
107,1,701 資管系          ,3,IM316,A,管理科學,陳志成,64,2019/1/10,14:10 ~ 17:00,1111、1202,"隔排坐,2間教室"
107,1,701 資管系          ,3,IM332,B,服務與科技管理,曾淑芬,54,2019/1/10,18:10 ~ 20:00,1501A、1211、1213,"IM332AB班合考,總共124人,3間教室"
107,1,701 資管系          ,3,IM332,A,服務與科技管理,曾淑芬,70,2019/1/10,18:10 ~ 20:00,1501A、1211、1213,"IM332AB班合考,總共124人,3間教室"
107,1,701 資管系          ,3,IM321,C,資料庫管理實務,楊錦生,59,2019/1/11,09:10 ~ 12:00,1501A,不考試要上課
107,1,701 資管系          ,3,IM346,C,物聯網入侵偵測理論與實務,林志麟,43,2019/1/11,15:10 ~ 18:00,1611,不考試要上課
107,1,701 資管系          ,4,IM330,D,專業實習／專題製作（二）,系主任等,35,不考, ~ ,,不考
107,1,701 資管系          ,4,IM330,A,專業實習／專題製作（二）,系主任等,30,不考, ~ ,,不考
107,1,701 資管系          ,4,IM330,B,專業實習／專題製作（二）,系主任等,27,不考, ~ ,,不考
107,1,701 資管系          ,4,IM330,C,專業實習／專題製作（二）,系主任等,25,不考, ~ ,,不考
107,1,701 資管系          ,4,IM427,C,專業實習（一）,系主任等,56,不考, ~ ,,不考
107,1,701 資管系          ,4,IM428,C,專業實習（二）,系主任等,57,不考, ~ ,,不考
107,1,701 資管系          ,4,IM429,C,專題製作（一）,系主任等,58,不考, ~ ,,不考
107,1,701 資管系          ,4,IM430,C,專題製作（二）,系主任等,60,不考, ~ ,,不考
107,1,701 資管系          ,4,IM402,A,決策支援系統,詹前隆,69,2019/1/8,09:10 ~ 12:00,1501B,不考試要報告
107,1,701 資管系          ,4,IM218,A,行銷管理,王秉鈞,59,2019/1/8,13:10 ~ 16:00,1501B,不考試要報告
107,1,701 資管系          ,4,IM218,B,行銷管理,李婷,58,2019/1/10,09:10 ~ 12:00,1501A,不考試要上課
107,1,701 資管系          ,4,IM402,B,決策支援系統,張國忠,44,2019/1/10,15:10 ~ 18:00,1501B,隔排坐
107,1,702 資傳系          ,1,IC145,A,藝術基礎（一）：素描,陳麗秋,75,不考, ~ ,,繳交期末作業
107,1,702 資傳系          ,1,IC212,A,程式設計,趙伯堯,70,2019/1/7,13:10 ~ 16:00,5409,在原教室原時間區段考試
107,1,702 資傳系          ,1,IC286,A,程式設計實習（一）,張家榮,32,2019/1/7,14:10 ~ 16:00,60310,在原教室原時間區段上機考試
107,1,702 資傳系          ,1,IC286,B,程式設計實習（一）,張家榮,34,2019/1/7,16:10 ~ 18:00,60310,在原教室原時間區段上機考試
107,1,702 資傳系          ,1,IC181,A,資訊概論,林珮瑜,67,2019/1/9,09:10 ~ 12:00,70206,IC181A、B兩班合考、隔排坐，請排同時段2間140人以上大教室。
107,1,702 資傳系          ,1,IC181,B,資訊概論,林珮瑜,61,2019/1/9,09:10 ~ 12:00,70105,IC181A、B兩班合考、隔排坐，請排同時段2間140人以上大教室。
107,1,702 資傳系          ,1,IC116,A,攝影學,張世明,61,2019/1/9,15:10 ~ 18:00,3302,在原教室原時間區段成果發表
107,1,702 資傳系          ,1,IC151,B,設計概論,陳崇文,58,2019/1/9,18:30 ~ 21:20,70105,IC151A、B兩班合考、隔排坐，請排同時段2間120人以上大教室。
107,1,702 資傳系          ,1,IC151,A,設計概論,陳崇文,56,2019/1/9,18:30 ~ 21:20,70101,IC151A、B兩班合考、隔排坐，請排同時段2間120人以上大教室。
107,1,702 資傳系          ,1,IC175,A,設計史,陳麗秋,76,2019/1/10,10:10 ~ 11:00,2008、2009,
107,1,702 資傳系          ,1,IC362,A,智慧財產權,葉志良,94,2019/1/10,13:10 ~ 15:00,70206,在原教室考試
107,1,702 資傳系          ,1,IC184,A,程式設計（一）,方文聘,54,2019/1/10,16:10 ~ 19:00,5409,上機考試
107,1,702 資傳系          ,1,IC287,A1,微積分概論,盧公瑜,97,2019/1/11,13:10 ~ 16:00,70206,在原教室原時間區段考試
107,1,702 資傳系          ,1,IC336,A,程式設計實習,簡子超,37,2019/1/11,14:10 ~ 16:00,60310,在原教室原時間區段上機考試
107,1,702 資傳系          ,1,IC336,B,程式設計實習,簡子超,33,2019/1/11,16:10 ~ 18:00,60310,在原教室原時間區段上機考試
107,1,702 資傳系          ,2,IC205,A,電腦繪圖,李佳穎,76,2019/1/7,09:10 ~ 12:00,5310,期末成果發表
107,1,702 資傳系          ,2,IC238,A,視窗應用程式設計,鄧進宏,76,2019/1/7,10:10 ~ 13:00,5409、60310,原班分2間電腦教室上機考試
107,1,702 資傳系          ,2,IC249,A,文創產業個案,王小惠,47,2019/1/7,13:10 ~ 16:00,5410,在原教室原時間區段期末報告
107,1,702 資傳系          ,2,IC225,B,互動腳本製作,張弘毅,64,2019/1/8,09:10 ~ 12:00,3304,在原教室原時間區段期末報告
107,1,702 資傳系          ,2,IC340,B,多媒體概論,黃怡錚,64,2019/1/8,17:10 ~ 20:00,70102,IC340A、B兩班合考、隔排坐，請排同時段2間140人以上大教室。
107,1,702 資傳系          ,2,IC340,A,多媒體概論,黃怡錚,68,2019/1/8,17:10 ~ 20:00,70101,IC340A、B兩班合考、隔排坐，請排同時段2間140人以上大教室。
107,1,702 資傳系          ,2,IC172,A,資料結構,趙伯堯,55,2019/1/9,09:10 ~ 12:00,60310,在原教室原時間區段考試
107,1,702 資傳系          ,2,IC204,A,平面設計,張晴雯,48,2019/1/9,09:10 ~ 12:00,5409,在原教室原時間區段期末報告
107,1,702 資傳系          ,2,IC328,A,電子商務,王小惠,41,2019/1/9,14:10 ~ 17:00,5410,在原教室原時間區段期末報告
107,1,702 資傳系          ,2,IC225,A,互動腳本製作,張弘毅,66,2019/1/10,09:10 ~ 12:00,3304,在原教室原時間區段期末報告
107,1,702 資傳系          ,2,IC275,A,Ｊａｖａ程式設計,方文聘,38,2019/1/10,13:10 ~ 16:00,5409,在原教室原時間區段考試
107,1,702 資傳系          ,2,IC339,A,敘事與故事,張世明,59,2019/1/11,09:10 ~ 12:00,3302,在原教室原時間區段成果發表
107,1,702 資傳系          ,3,IC296,A,創意媒體實務應用,秦庭祥,31,不考, ~ ,,繳交期末作業
107,1,702 資傳系          ,3,IC337,A,3D電腦動畫,陳崇文,27,2019/1/7,18:30 ~ 21:20,60310,在原教室原時間區段上課
107,1,702 資傳系          ,3,IC322,A,影視製作專題,張世明,31,2019/1/8,09:10 ~ 12:00,3302,在原教室原時間區段成果發表
107,1,702 資傳系          ,3,IC242,A,電玩企劃,張弘毅,56,2019/1/9,09:10 ~ 12:00,3304,在原教室原時間區段期末報告
107,1,702 資傳系          ,3,IC326,A,作品集設計與展現,李佳穎,66,2019/1/9,14:10 ~ 17:00,5409,在原教室原時間區段上課
107,1,702 資傳系          ,3,IC186,A,網頁程式設計,趙伯堯,60,2019/1/10,09:10 ~ 12:00,5409,在原教室原時間區段期末報告
107,1,702 資傳系          ,3,IC387,A,人工智慧概論,方文聘,18,2019/1/11,09:10 ~ 12:00,5409,在原教室原時間區段考試
107,1,702 資傳系          ,3,IC294,A,穿戴式科技設計 （一）,徐千捷,32,2019/1/12,08:00 ~ 17:00,銘傳大學,期末校外成果發表
107,1,702 資傳系          ,4,IC401,A,專業實習（一）,張弘毅,71,不考, ~ ,,
107,1,702 資傳系          ,4,IC401,B,專業實習（一）,李佳穎,56,不考, ~ ,,
107,1,702 資傳系          ,4,IC454,A,資訊傳播專題（一）,趙伯堯,37,不考, ~ ,,
107,1,702 資傳系          ,4,IC464,A,專題製作（一）,系主任等,76,2019/1/8,13:10 ~ 17:00,70103,上課
107,1,702 資傳系          ,4,IC464,B,專題製作（一）,系主任等,60,2019/1/8,13:10 ~ 17:00,70103,上課
107,1,702 資傳系          ,4,IC294,B,穿戴式科技設計 （一）,詹清智,31,2019/1/12,08:00 ~ 17:00,銘傳大學,期末校外成果發表
107,1,705 資訊英專,1,IN101,A,微積分（一）,黃哲志,43,2019/1/7,10:10 ~ 12:00,1401A,
107,1,705 資訊英專,1,IN102,A,資訊概論,林榮彬,43,2019/1/8,10:10 ~ 12:00,1202,
107,1,705 資訊英專,1,IN103,A,程式設計（一）,張經略,35,2019/1/8,15:10 ~ 17:00,1301B,教室已借
107,1,705 資訊英專,1,IN104,A,智慧財產權,葉志良,34,2019/1/10,10:10 ~ 12:00,1111,
107,1,705 資訊英專,2,IN205,A,管理學,林耀欽,3,2019/1/7,10:10 ~ 12:00,1501B,
107,1,705 資訊英專,2,IN201,A,線性代數,李是男,25,2019/1/7,15:10 ~ 17:00,3207,
107,1,705 資訊英專,2,IN202,A,資料結構,陳增益,20,2019/1/9,10:10 ~ 12:00,1102、1401A,與CS203B合班考試
107,1,705 資訊英專,2,IN203,A,資料通訊概論,黃依賢,17,2019/1/10,10:10 ~ 12:00,1202,
107,1,705 資訊英專,2,IN204,A,數位系統設計,陳聿廣,18,2019/1/10,14:10 ~ 16:00,1102、1501A,需兩間大型教室，與CS204A合班考試
107,1,721 資管碩          ,1,IM501,A,書報討論（一）,系主任等,21,不考, ~ ,,不考
107,1,721 資管碩          ,1,IM530,A,類神經網路及其應用,謝瑞建,33,不考, ~ ,,不考
107,1,721 資管碩          ,1,IM520,A,資訊管理專題,吳思佩,9,2019/1/8,13:10 ~ 16:00,1503,不考試要上課
107,1,721 資管碩          ,1,IM516,A,網際網路行銷學,林耀欽,23,2019/1/9,09:10 ~ 12:00,1503,不考試要報告
107,1,721 資管碩          ,1,IM701,A,資料科學導論,陸承志,17,2019/1/9,14:10 ~ 17:00,1503,不考試要報告
107,1,721 資管碩          ,1,IM520,M,資訊管理專題,張國忠,15,2019/1/9,18:30 ~ 21:20,校外營區,不考試要上課
107,1,721 資管碩          ,1,IM544,C,計量決策專題,劉翔,13,2019/1/10,18:30 ~ 21:20,1503,不考試要上課
107,1,721 資管碩          ,1,IM544,A,計量決策專題,陳志成,28,2019/1/11,13:10 ~ 16:00,1503,不考試要報告
107,1,721 資管碩          ,1,IM520,C,資訊管理專題,張國忠,14,2019/1/11,18:30 ~ 21:20,1608A,
107,1,721 資管碩          ,1,IM701,M,資料科學導論,禹良治,6,2019/1/11,18:30 ~ 21:20,校外營區,不考試要上課
107,1,721 資管碩          ,1,IM569,C,行銷管理,王秉鈞,25,2019/1/12,09:10 ~ 12:00,1503,不考試要報告
107,1,721 資管碩          ,1,IM702,C,數據分析,禹良治,39,2019/1/12,13:10 ~ 16:00,1608A,不考試要上課
107,1,721 資管碩          ,2,IM601,A,書報討論（三）,系主任等,25,不考, ~ ,,不考
107,1,721 資管碩          ,2,IM607,C,專題研究（一）,系主任等,9,不考, ~ ,,不考
107,1,721 資管碩          ,2,IM704,C,資料科學統整專題一,系主任等,7,不考, ~ ,,不考
107,1,722 資傳碩          ,1,GI525,A,書報討論（一）,林珮瑜,12,不考, ~ ,,
107,1,722 資傳碩          ,1,GI525,B,書報討論（一）,張世明,9,不考, ~ ,,
107,1,722 資傳碩          ,1,GI628,A,量化研究方法,曾淑芬,18,不考, ~ ,,
107,1,722 資傳碩          ,1,GI633,A,智慧財產權研究,葉志良,15,不考, ~ ,,繳交期末報告
107,1,722 資傳碩          ,1,GI638,A,混合實境,鄧進宏,6,2019/1/8,09:10 ~ 12:00,5408,在原教室原時間區段上課
107,1,722 資傳碩          ,1,GI622,A,電子商務,王小惠,6,2019/1/10,09:10 ~ 12:00,5415,在原教室原時間區段期末報告
107,1,722 資傳碩          ,1,GI632,A,互動式介面設計研究專題,李佳穎,10,2019/1/10,13:10 ~ 16:00,5415,在原教室原時間區段上課
107,1,722 資傳碩          ,1,GI578,A,電腦視覺與影像處理,王任瓚,7,2019/1/11,09:10 ~ 12:00,5415,在原教室原時間區段上課
107,1,724 資工碩          ,1,CS554,A,書報討論,范金鳳,69,不考, ~ ,,
107,1,724 資工碩          ,1,CS554,B,書報討論,黃依賢,40,不考, ~ ,,
107,1,724 資工碩          ,1,CS572,A,軟體工程,范金鳳,48,不考, ~ ,,
107,1,724 資工碩          ,1,CS681,A,資料庫系統專題,姚修慎,3,不考, ~ ,,
107,1,724 資工碩          ,1,CS695,A,分散式演算法專題,林基成,6,不考, ~ ,,
107,1,724 資工碩          ,1,CS567,A,影像處理,林啟芳,12,2019/1/7,14:10 ~ 16:00,1202,
107,1,724 資工碩          ,1,CS624,A,計算理論,張經略,66,2019/1/7,18:30 ~ 21:20,1401A、1401B,需教室兩間
107,1,724 資工碩          ,1,CS561,A,資料庫系統,姚修慎,6,2019/1/8,14:10 ~ 17:00,2602,
107,1,724 資工碩          ,1,CS658,A,超大型積體電路設計,曾王道,31,2019/1/8,18:30 ~ 20:20,60312,與CS378A合班考試
107,1,724 資工碩          ,1,CS569,A,計算機圖學,蔡侑庭,5,2019/1/9,10:10 ~ 12:00,1111,上課
107,1,724 資工碩          ,1,CS514,A,人機互動設計,周志岳,26,2019/1/9,14:10 ~ 17:00,1111,上課
107,1,724 資工碩          ,1,CS522,A,互動視訊遊戲設計,葉奕成,21,2019/1/9,18:30 ~ 21:20,1301B,上課
107,1,724 資工碩          ,1,CS685,A,圖論（一）,張經略,62,2019/1/10,09:10 ~ 12:00,1401A、1109,需教室兩間
107,1,724 資工碩          ,1,CS616,A,高等計算機結構,陳昱圻,10,2019/1/10,14:10 ~ 17:00,1401A,上課
107,1,724 資工碩          ,1,CS523,A,雲端運算與服務,陳彥安,22,2019/1/12,10:10 ~ 12:00,1401B,與CS337A合班考試
107,1,724 資工碩          ,1,CS650,A,積體電路設計自動化,陳聿廣,19,2019/1/12,14:10 ~ 16:00,1401A,
107,1,725 生醫碩,1,CB503,A,書報討論（一）,黃毅然,5,不考, ~ ,,
107,1,725 生醫碩,1,CB548,A,醫療資訊與醫療決策,丁賢偉,8,不考, ~ ,,
107,1,725 生醫碩,1,CB603,A,書報討論（三）,周志岳,5,不考, ~ ,,
107,1,725 生醫碩,1,CB633,A,智慧型系統應用專題,賴國華,8,不考, ~ ,,
107,1,725 生醫碩,1,CB641,A,機器學習應用專題,歐昱言,8,不考, ~ ,,
107,1,725 生醫碩,1,CB537,A,計算生物學,歐昱言,12,2019/1/8,10:10 ~ 11:00,1301B,
107,1,725 生醫碩,1,CB546,A,轉譯醫學及臨床試驗,鍾旭東,11,2019/1/8,14:10 ~ 16:00,2605,
107,1,751 資管博,1,IM901,A,高等資管專題研討（一）,系主任等,4,不考, ~ ,,不考
107,1,751 資管博,1,IM907,A,資訊管理研究,劉俞志,4,2019/1/7,13:10 ~ 16:00,1505B,不考試要上課
107,1,751 資管博,1,IM915,A,高等研究方法,林耀欽,3,2019/1/9,18:30 ~ 21:20,1505B,不考試要報告
107,1,751 資管博,2,IM903,A,高等資管專題研討（三）,系主任等,4,不考, ~ ,,不考
107,1,901 通識            ,1,CL142,E2,國文（一）,黃智信,51,不考, ~ ,,
107,1,901 通識            ,1,CL142,S,國文（一）,邱佩文,51,不考, ~ ,,"不考,交報告"
107,1,901 通識            ,1,CL142,C1,國文（一）,陳建男,54,不考, ~ ,,
107,1,901 通識            ,1,CL142,L1,國文（一）,陳逸根,55,不考, ~ ,,
107,1,901 通識            ,1,CL142,T,國文（一）,邱佩文,59,不考, ~ ,,"不考,交報告"
107,1,901 通識            ,1,CL142,M,國文（一）,陳逸根,50,不考, ~ ,,
107,1,901 通識            ,1,CL142,P1,國文（一）,陳建男,39,不考, ~ ,,
107,1,901 通識            ,1,CL142,P2,國文（一）,陳建男,37,不考, ~ ,,
107,1,901 通識            ,1,CL142,F2,國文（一）,邱佩文,30,不考, ~ ,,"不考, 交報告"
107,1,901 通識            ,1,CL142,Q,國文（一）,黃智信,60,不考, ~ ,,
107,1,901 通識            ,1,CL142,C2,國文（一）,陳建男,51,不考, ~ ,,
107,1,901 通識            ,1,CP101,A1,基礎程式設計-C++實習（一）,張揚政,48,不考, ~ ,,
107,1,901 通識            ,1,CP101,A2,基礎程式設計-C++實習（一）,張揚政,50,不考, ~ ,,
107,1,901 通識            ,1,GN212,A,數學漫談,吳金生,60,不考, ~ ,,
107,1,901 通識            ,1,GN213,B,物理學漫談,吳金生,66,不考, ~ ,,
107,1,901 通識            ,1,GN213,A,物理學漫談,吳金生,62,不考, ~ ,,
107,1,901 通識            ,1,GN221,A,人與環境關係導論,楊長苓,59,不考, ~ ,,
107,1,901 通識            ,1,GN236,A,天文學漫談,吳金生,62,不考, ~ ,,
107,1,901 通識            ,1,GN236,B,天文學漫談,吳金生,63,不考, ~ ,,
107,1,901 通識            ,1,GN245,A,科技與生活,吳紹懋,57,不考, ~ ,,
107,1,901 通識            ,1,GN408,A,數位照相與列印色彩學,陳祖龍,59,不考, ~ ,,
107,1,901 通識            ,1,GS205,A,人物與中國歷史,林益德,63,不考, ~ ,,
107,1,901 通識            ,1,GS231,A,中國現代史,林益德,46,不考, ~ ,,
107,1,901 通識            ,1,GS341,A,法學緒論,徐昀,61,不考, ~ ,,
107,1,901 通識            ,1,GS349,A,心理學概論,麥麗蓉,66,不考, ~ ,,
107,1,901 通識            ,1,GS349,B,心理學概論,麥麗蓉,68,不考, ~ ,,
107,1,901 通識            ,1,GS375,A,社會關懷,麥麗蓉,39,不考, ~ ,,
107,1,901 通識            ,1,GS396,A,全球化都市與社會空間,鈕則謙,55,不考, ~ ,,
107,1,901 通識            ,1,GS410,A1,大學生活與服務學習,糠明珊,14,不考, ~ ,,
107,1,901 通識            ,1,GS416,A,生命故事與學思歷程,詹秀蓉,98,不考, ~ ,,
107,1,901 通識            ,1,GS418,A,自我經營與生涯發展,陳新霖,69,不考, ~ ,,
107,1,901 通識            ,1,GS427,A,性別與社會,糠明珊,64,不考, ~ ,,
107,1,901 通識            ,1,GS427,B,性別與社會,糠明珊,49,不考, ~ ,,
107,1,901 通識            ,1,GS435,A,教育與生活,王怡云,30,不考, ~ ,,
107,1,901 通識            ,1,GS437,A,影像‧文化‧女性經驗,麥麗蓉,66,不考, ~ ,,
107,1,901 通識            ,1,GS443,A,法律與生活,葉志良,42,不考, ~ ,,
107,1,901 通識            ,1,ID001,B,通識講座,麥麗蓉,49,不考, ~ ,,不考
107,1,901 通識            ,1,ID001,C,通識講座,王怡云,50,不考, ~ ,,不考
107,1,901 通識            ,1,ID001,A,通識講座,傅子耕,50,不考, ~ ,,不考
107,1,901 通識            ,1,ID003,A,古蹟文化與在地生活,黃智信,66,不考, ~ ,,
107,1,901 通識            ,1,ID004,A,島嶼、族群與文化,林煒舒,60,不考, ~ ,,
107,1,901 通識            ,1,ID005,A,在地文化導覽,林煒舒,11,不考, ~ ,,
107,1,901 通識            ,1,ID008,A,旅遊桃園史,陳錦昌,64,不考, ~ ,,
107,1,901 通識            ,1,LE204,A,易經哲學,范良光,68,不考, ~ ,,
107,1,901 通識            ,1,LE314,A,宗教與人生,范良光,65,不考, ~ ,,
107,1,901 通識            ,1,LE387,A,西洋藝術賞析,鄒淑慧,49,不考, ~ ,,
107,1,901 通識            ,1,LE406,B,繪本賞析,王怡云,67,不考, ~ ,,
107,1,901 通識            ,1,LE406,A,繪本賞析,王怡云,64,不考, ~ ,,
107,1,901 通識            ,1,LE432,A,文物與文學,黃智信,63,不考, ~ ,,
107,1,901 通識            ,1,LE438,A,生命記憶與文化,王怡云,60,不考, ~ ,,
107,1,901 通識            ,1,LE442,A,莎士比亞與文化研究,李曉菁,62,不考, ~ ,,
107,1,901 通識            ,1,LS201,A,生命科學概論,黃麗芬,69,不考, ~ ,,
107,1,901 通識            ,1,LS209,A,生物科技概論,陳郁君,69,不考, ~ ,,
107,1,901 通識            ,1,LS212,A,微生物的世界,薛逸煌,84,不考, ~ ,,
107,1,901 通識            ,1,LS217,A,認識藥物,熊正輝,70,不考, ~ ,,
107,1,901 通識            ,1,LS218,A,人體奧秘與醫療保健,熊正輝,68,不考, ~ ,,不考
107,1,901 通識            ,1,LS223,A,生命倫理學,簡志青,90,不考, ~ ,,
107,1,901 通識            ,1,LS228,B,飲食：人文與科學的對話,梁家祺,56,不考, ~ ,,
107,1,901 通識            ,1,LS232,A,生態與環境想像,李曉菁,61,不考, ~ ,,
107,1,901 通識            ,1,LS236,A,生死學概論,劉易齋,119,不考, ~ ,,
107,1,901 通識            ,1,GS211,A,社會心理學,鍾秋玉,65,2019/1/3,13:10 ~ 15:00,2425,提前一周考試
107,1,901 通識            ,1,GS426,A,性別教育,鍾秋玉,64,2019/1/3,15:10 ~ 17:00,2425,提前一周考試
107,1,901 通識            ,1,GN410,A,化妝品概論與應用,王月花,116,2019/1/4,10:10 ~ 12:00,1102,報告
107,1,901 通識            ,1,CL142,F1,國文（一）,廖啟宏,54,2019/1/7,8:10 ~ 10:00,2112,考試
107,1,901 通識            ,1,CP107,G1,基礎程式設計-工程應用程式語言（一）,楊大中,73,2019/1/7,9:10 ~ 12:00,3211,考試(與ME123A合考)
107,1,901 通識            ,1,CP109,J,基礎程式設計-Python,李建誠,75,2019/1/7,9:10 ~ 11:00,70404,考試
107,1,901 通識            ,1,CL142,E1,國文（一）,廖啟宏,55,2019/1/7,10:10 ~ 12:00,2112,考試
107,1,901 通識            ,1,GN201,A,數學與邏輯思維,陳以明,62,2019/1/7,10:10 ~ 12:00,2601,考試
107,1,901 通識            ,1,GN256,B,材料與知識經濟的發展,鄭文興,58,2019/1/7,10:10 ~ 12:00,2425,考試
107,1,901 通識            ,1,GS304,A,中台地理,賀彥豪,21,2019/1/7,10:10 ~ 12:00,2113,考試
107,1,901 通識            ,1,LE357,A,古典音樂欣賞,周幸諄,64,2019/1/7,10:10 ~ 12:00,5103,報告
107,1,901 通識            ,1,LS218,B,人體奧秘與醫療保健,黃啟倫,67,2019/1/7,10:10 ~ 12:00,70108,考試
107,1,901 通識            ,1,CP111,F1,基礎程式設計（一）,蔡介元,54,2019/1/7,13:10 ~ 15:00,5002,考試
107,1,901 通識            ,1,GS347,A,國際關係,朱大可,66,2019/1/7,13:10 ~ 15:00,2112,考試
107,1,901 通識            ,1,LE213,A,鄉土音樂,趙蓮英,131,2019/1/7,13:10 ~ 15:00,70103,考試
107,1,901 通識            ,1,LE345,A,音樂欣賞,謝明志,59,2019/1/7,13:10 ~ 15:00,5103,考試
107,1,901 通識            ,1,LE428,A,莊子的智慧,關則富,68,2019/1/7,13:10 ~ 15:00,3110,
107,1,901 通識            ,1,LS228,A,飲食：人文與科學的對話,廖建勛,54,2019/1/7,13:10 ~ 15:00,2009,報告
107,1,901 通識            ,1,LS230,B,疾病概論,蕭聖謀,67,2019/1/7,13:10 ~ 15:00,2619,報告
107,1,901 通識            ,1,CP108,I2,基礎程式設計-C,趙一芬,70,2019/1/7,14:10 ~ 16:00,70405,考試
107,1,901 通識            ,1,CP109,L,基礎程式設計-Python,李建誠,55,2019/1/7,14:10 ~ 16:00,70404,考試
107,1,901 通識            ,1,CP107,H,基礎程式設計-工程應用程式語言（一）,謝建興,31,2019/1/7,15:10 ~ 17:00,3211,考試 (同DE103A)
107,1,901 通識            ,1,CP111,F2,基礎程式設計（一）,蔡介元,53,2019/1/7,15:10 ~ 17:00,5002,考試
107,1,901 通識            ,1,GN419,A,認識地球,朱延祥,111,2019/1/7,15:10 ~ 17:00,60205、60207,安排兩間教室考試
107,1,901 通識            ,1,GS372,C,智慧財產權,許恒禎,110,2019/1/7,15:10 ~ 17:00,3208,考試
107,1,901 通識            ,1,GS415,A,消費者保護政策與法規,簡秀蓮,67,2019/1/7,15:10 ~ 17:00,2606,考試
107,1,901 通識            ,1,GS417,A,中東問題與國際恐怖主義,朱大可,63,2019/1/7,15:10 ~ 17:00,2112,考試
107,1,901 通識            ,1,GS434,A,歐洲史導論,賀彥豪,16,2019/1/7,15:10 ~ 17:00,2113,考試
107,1,901 通識            ,1,LE213,B,鄉土音樂,趙蓮英,129,2019/1/7,15:10 ~ 17:00,70103,考試
107,1,901 通識            ,1,LE345,B,音樂欣賞,謝明志,38,2019/1/7,15:10 ~ 17:00,5103,考試
107,1,901 通識            ,1,LE419,A,世界主要宗教概論,關則富,68,2019/1/7,15:10 ~ 17:00,3107,
107,1,901 通識            ,1,LS234,A,公共衛生概論,朱觀宇,45,2019/1/7,15:10 ~ 17:00,2619,報告
107,1,901 通識            ,1,CP101,A3,基礎程式設計-C++實習（一）,鐘孟浩,54,2019/1/7,18:30 ~ 20:20,1301B,考試
107,1,901 通識            ,1,GN256,A,材料與知識經濟的發展,王士榮,66,2019/1/7,18:30 ~ 20:20,1109,上課
107,1,901 通識            ,1,LS215,A,病媒與生活,陳奇良,122,2019/1/7,18:30 ~ 20:20,2115,考試
107,1,901 通識            ,1,CL142,K1,國文（一）,劉毅鳴,59,2019/1/8,8:10 ~ 10:00,1016,考試
107,1,901 通識            ,1,CL142,J1,國文（一）,黃青萍,55,2019/1/8,8:10 ~ 10:00,2102,考試
107,1,901 通識            ,1,LE425,A,俄羅斯思想與文化,胡逢瑛,68,2019/1/8,8:10 ~ 10:00,2619,考試
107,1,901 通識            ,1,CP104,K,基礎程式設計-Python（一）,陳念波,73,2019/1/8,9:10 ~ 11:00,70405,與EEC113A程式語言實驗（一）合考(9:10~12:00) ，安排原教室(70405)考試
107,1,901 通識            ,1,CL142,K2,國文（一）,劉毅鳴,57,2019/1/8,10:10 ~ 12:00,1016,考試
107,1,901 通識            ,1,CL142,J2,國文（一）,黃青萍,54,2019/1/8,10:10 ~ 12:00,2102,考試
107,1,901 通識            ,1,FC003,A,經典選讀,"鄧名韻",18,2019/1/8,10:10 ~ 12:00,2010,報告
107,1,901 通識            ,1,GN254,A,印刷傳播概論,李興緯,68,2019/1/8,10:10 ~ 12:00,2009,原教室報告
107,1,901 通識            ,1,GN422,A,宇宙漫遊,俞伯傑,67,2019/1/8,10:10 ~ 12:00,2101,考試
107,1,901 通識            ,1,ID006,A,閱讀產業與文化傳播,陳巍仁,51,2019/1/8,10:10 ~ 12:00,3310,報告
107,1,901 通識            ,1,LE330,A,語言與邏輯,傅子耕,63,2019/1/8,10:10 ~ 12:00,60105,考試
107,1,901 通識            ,1,LE425,B,俄羅斯思想與文化,胡逢瑛,65,2019/1/8,10:10 ~ 12:00,2619,考試
107,1,901 通識            ,1,CP107,G2,基礎程式設計-工程應用程式語言（一）,陳傳生,61,2019/1/8,13:10 ~ 15:00,3112,與ME123B合考
107,1,901 通識            ,1,LE308,A,美學,孫長祥,62,2019/1/8,13:10 ~ 15:00,2101,考試
107,1,901 通識            ,1,LE330,B,語言與邏輯,傅子耕,61,2019/1/8,13:10 ~ 15:00,2006,考試
107,1,901 通識            ,1,LE348,A,日本文化概論,糠明珊,64,2019/1/8,13:10 ~ 15:00,2112,考試
107,1,901 通識            ,1,LE440,A,輕鬆優雅學易經：中華第一奇典入門,陳巍仁,99,2019/1/8,13:10 ~ 15:00,3110,報告
107,1,901 通識            ,1,CP108,I1,基礎程式設計-C,趙一芬,67,2019/1/8,14:10 ~ 16:00,70405,考試
107,1,901 通識            ,1,GN420,A,基礎程式設計,俞伯傑,43,2019/1/8,15:10 ~ 17:00,2101,考試(排一般教室)
107,1,901 通識            ,1,GS372,B,智慧財產權,許恒禎,109,2019/1/8,15:10 ~ 17:00,3110,考試
107,1,901 通識            ,1,LE348,B,日本文化概論,糠明珊,64,2019/1/8,15:10 ~ 17:00,2112,考試
107,1,901 通識            ,1,LS238,A,語言與思想,傅子耕,51,2019/1/8,15:10 ~ 17:00,2006,考試
107,1,901 通識            ,1,GS407,A,應用倫理學與倫理抉擇,胡黃德,60,2019/1/8,16:10 ~ 18:00,2603,考試
107,1,901 通識            ,1,CP101,A4,基礎程式設計-C++實習（一）,鐘孟浩,41,2019/1/8,18:30 ~ 20:20,1301B,考試
107,1,901 通識            ,1,CL142,A,國文（一）,陳巍仁,55,2019/1/9,08:10 ~ 10:00,1213,考試
107,1,901 通識            ,1,CL142,D1,國文（一）,李瑩娟,46,2019/1/9,8:10 ~ 10:00,1113,報告
107,1,901 通識            ,1,CP111,P,基礎程式設計（一）,林楚卿,42,2019/1/9,08:10 ~ 13:00,3310,考試(3館PBL教室)
107,1,901 通識            ,1,GN225,A,地景欣賞,許民陽,50,2019/1/9,08:10 ~ 10:00,70112,考試
107,1,901 通識            ,1,GS430,A,媒體與國際關係,胡逢瑛,59,2019/1/9,8:10 ~ 10:00,2621,考試
107,1,901 通識            ,1,CL142,G2,國文（一）,李瑩娟,48,2019/1/9,10:10 ~ 12:00,1113,報告
107,1,901 通識            ,1,CL142,N,國文（一）,陳巍仁,63,2019/1/9,10:10 ~ 12:00,1213,考試
107,1,901 通識            ,1,GS430,B,媒體與國際關係,胡逢瑛,63,2019/1/9,10:10 ~ 12:00,2621,考試
107,1,901 通識            ,1,LS237,A,生命與身體活動,林勁宏,66,2019/1/9,10:10 ~ 12:00,2009,報告
107,1,901 通識            ,1,CP101,D,基礎程式設計-C++實習（一）,林榮彬,40,2019/1/9,15:10 ~ 17:00,1301B,考試
107,1,901 通識            ,1,LE445,A,書法藝術與治療,朱觀宇,62,2019/1/9,15:10 ~ 17:00,1113,報告
107,1,901 通識            ,1,CP110,M,基礎程式設計-Excel and VBA,曾昭浚,48,2019/1/9,16:10 ~ 18:00,60406,考試
107,1,901 通識            ,1,CP111,O,基礎程式設計（一）,沈永信,56,2019/1/9,16:10 ~ 18:00,5003,考試
107,1,901 通識            ,1,CP104,E1,基礎程式設計-Python（一）,張幼珍,66,2019/1/9,18:10 ~ 21:20,5002,考試
107,1,901 通識            ,1,CP104,E2,基礎程式設計-Python（一）,張幼珍,54,2019/1/9,18:10 ~ 21:20,5006,考試
107,1,901 通識            ,1,LS212,B,微生物的世界,陳奇良,119,2019/1/9,18:30 ~ 20:20,2115,考試
107,1,901 通識            ,1,CL142,O,國文（一）,陳巍仁,66,2019/1/10,08:10 ~ 10:00,3107,考試
107,1,901 通識            ,1,CL142,B,國文（一）,陳巍仁,66,2019/1/10,10:10 ~ 12:00,3107,考試
107,1,901 通識            ,1,CL142,R,國文（一）,周佩芳,58,2019/1/10,10:10 ~ 12:00,60207,考試
107,1,901 通識            ,1,CP110,N,基礎程式設計-Excel and VBA,吳清輝,50,2019/1/10,10:10 ~ 12:00,5006,考試
107,1,901 通識            ,1,GS214,A,倫理與公共事務,侯世傑,45,2019/1/10,10:10 ~ 12:00,1113,考試
107,1,901 通識            ,1,LE357,B,古典音樂欣賞,周幸諄,60,2019/1/10,10:10 ~ 12:00,5103,報告
107,1,901 通識            ,1,LE418,A,英國歷史與文化,關則富,67,2019/1/10,12:10 ~ 13:00,60312,兩班中午一起合考
107,1,901 通識            ,1,LE418,B,英國歷史與文化,關則富,64,2019/1/10,12:10 ~ 13:00,60312,兩班中午一起合考
107,1,901 通識            ,1,GN253,A,產業安全與永續經營,張前偉,58,2019/1/10,13:10 ~ 15:00,60205,考試
107,1,901 通識            ,1,GN407,A,科學史,余念一,67,2019/1/10,13:10 ~ 15:00,3101,考試(3館一般教室)
107,1,901 通識            ,1,GS445,A,公民社會與法治,侯世傑,60,2019/1/10,13:10 ~ 15:00,3114,考試
107,1,901 通識            ,1,ID007,A,城市生活與文化敘事,黃智明,65,2019/1/10,13:10 ~ 15:00,5103,報告
107,1,901 通識            ,1,LS224,A,氣的醫史文獻與驗證,洪禹利,116,2019/1/10,13:10 ~ 15:00,70103,考試
107,1,901 通識            ,1,LS230,A,疾病概論,邱彥霖,67,2019/1/10,13:10 ~ 15:00,3107,考試
107,1,901 通識            ,1,CP111,B1,基礎程式設計（一）,郭文嘉,55,2019/1/10,14:10 ~ 16:00,1611,考試
107,1,901 通識            ,1,LS204,A,中醫的科學觀,洪禹利,102,2019/1/10,15:10 ~ 17:00,70103,考試
107,1,901 通識            ,1,CP111,B2,基礎程式設計（一）,郭文嘉,56,2019/1/10,16:10 ~ 18:00,1611,考試
107,1,901 通識            ,1,GS353,A,人群關係,馮明德,67,2019/1/10,16:10 ~ 18:00,60203,考試
107,1,901 通識            ,1,CL142,L2,國文（一）,張柏恩,46,2019/1/11,8:10 ~ 10:00,60207,報告
107,1,901 通識            ,1,CL142,D2,國文（一）,陳伊婷,48,2019/1/11,08:10 ~ 10:00,3104,報告
107,1,901 通識            ,1,CL142,I1,國文（一）,徐其寧,61,2019/1/11,8:10 ~ 10:00,3114,報告
107,1,901 通識            ,1,CL142,H1,國文（一）,李瑩娟,55,2019/1/11,8:10 ~ 10:00,1109,報告
107,1,901 通識            ,1,CP103,C1,基礎程式設計- Web Programming （一）,林珮瑜,51,2019/1/11,8:10 ~ 10:00,60406,考試
107,1,901 通識            ,1,CL142,G3,國文（一）,張柏恩,44,2019/1/11,10:10 ~ 12:00,60207,報告
107,1,901 通識            ,1,CL142,H2,國文（一）,李瑩娟,57,2019/1/11,10:10 ~ 12:00,1109,報告
107,1,901 通識            ,1,CL142,G1,國文（一）,徐其寧,49,2019/1/11,10:10 ~ 12:00,3114,報告
107,1,901 通識            ,1,CL142,I2,國文（一）,陳伊婷,56,2019/1/11,10:10 ~ 12:00,3104,報告
107,1,901 通識            ,1,CP103,C2,基礎程式設計- Web Programming （一）,林珮瑜,60,2019/1/11,10:10 ~ 12:00,60406,考試
107,1,901 通識            ,1,CP110,Q1,基礎程式設計-Excel and VBA,雷傑,39,2019/1/11,10:10 ~ 12:00,2005,報告
107,1,901 通識            ,1,GS431,A,老人學導論,陸正威,68,2019/1/11,10:10 ~ 12:00,2423,考試
107,1,901 通識            ,1,GS372,A,智慧財產權,吳尚昆,111,2019/1/11,13:10 ~ 15:00,3208,考試
107,1,901 通識            ,1,LE415,A,文學經典閱讀,徐其寧,49,2019/1/11,13:10 ~ 15:00,3101,報告
107,1,901 通識            ,1,CL165,A,國文（二）,徐其寧,30,2019/1/11,15:10 ~ 17:00,3101,報告
107,1,901 通識            ,2,GS305,A,民主倫理與法治,劉易齋,17,不考, ~ ,,
107,1,901 通識            ,3,FC002,F,經典導讀,邱佩文,98,不考, ~ ,,"不考,  交報告"
107,1,901 通識            ,3,FC002,D,經典導讀,楊長苓,100,不考, ~ ,,
107,1,901 通識            ,3,FC002,C,經典導讀,孫長祥,99,不考, ~ ,,不考
107,1,901 通識            ,3,FC002,I,經典導讀,鍾雲鶯,98,不考, ~ ,,
107,1,901 通識            ,3,FC002,G,經典導讀,謝宗宜,98,2019/1/8,8:10 ~ 10:00,70206,報告
107,1,901 通識            ,3,FC002,H,經典導讀,謝宗宜,99,2019/1/8,10:10 ~ 12:00,70206,報告
107,1,901 通識            ,3,FC002,A,經典導讀,王立文,99,2019/1/8,10:10 ~ 12:00,60312,報告
107,1,901 通識            ,3,FC002,B,經典導讀,王立文,97,2019/1/8,13:10 ~ 15:00,60312,報告
107,1,901 通識            ,3,FC002,E,經典導讀,黃正光,97,2019/1/11,10:10 ~ 12:00,70101,
107,1,906 國際語言文化中心,1,LC101,A2,英語（一）：進階英語,師德霖,23,2019/1/7,08:10 ~ 10:00,3209,
107,1,906 國際語言文化中心,1,LC101,A3,英語（一）：進階英語,謝有厚,21,2019/1/7,08:10 ~ 10:00,1113,
107,1,906 國際語言文化中心,1,LC101,A1,英語（一）：進階英語,斯婁福,25,2019/1/7,08:10 ~ 10:00,3212,
107,1,906 國際語言文化中心,1,LC102,A2,英語（一）：中階英語,張雯娟,38,2019/1/7,08:10 ~ 10:00,2104,
107,1,906 國際語言文化中心,1,LC102,A1,英語（一）：中階英語,湯瑪斯,24,2019/1/7,08:10 ~ 10:00,1111,
107,1,906 國際語言文化中心,1,LC103,A1,英語（一）：基礎英語,張慎琪,43,2019/1/7,08:10 ~ 10:00,1204,
107,1,906 國際語言文化中心,1,LC101,E1,英語（一）：進階英語,斯婁福,24,2019/1/7,10:10 ~ 12:00,3212,
107,1,906 國際語言文化中心,1,LC101,E2,英語（一）：進階英語,師德霖,29,2019/1/7,10:10 ~ 12:00,3209,
107,1,906 國際語言文化中心,1,LC102,E3,英語（一）：中階英語,謝有厚,43,2019/1/7,10:10 ~ 12:00,1113,
107,1,906 國際語言文化中心,1,LC102,E1,英語（一）：中階英語,湯瑪斯,42,2019/1/7,10:10 ~ 12:00,1111,
107,1,906 國際語言文化中心,1,LC102,E2,英語（一）：中階英語,張雯娟,31,2019/1/7,10:10 ~ 12:00,2104,
107,1,906 國際語言文化中心,1,LC103,E2,英語（一）：基礎英語,黃玉心,39,2019/1/7,10:10 ~ 12:00,3207,
107,1,906 國際語言文化中心,1,LC103,E1,英語（一）：基礎英語,張慎琪,42,2019/1/7,10:10 ~ 12:00,1204,
107,1,906 國際語言文化中心,1,EL370,A,華語（五）,游文琦,9,2019/1/7,16:10 ~ 18:00,3101,
107,1,906 國際語言文化中心,1,EL170,B,華語（一）,游文琦,30,2019/1/7,18:30 ~ 20:20,3101,
107,1,906 國際語言文化中心,1,LC101,B1,英語（一）：進階英語,斯婁福,34,2019/1/8,08:10 ~ 10:00,3214,
107,1,906 國際語言文化中心,1,LC102,B2,英語（一）：中階英語,邱晏群,40,2019/1/8,08:10 ~ 10:00,2103,
107,1,906 國際語言文化中心,1,LC102,B3,英語（一）：中階英語,師德霖,33,2019/1/8,08:10 ~ 10:00,2111,請排平面教室
107,1,906 國際語言文化中心,1,LC102,B1,英語（一）：中階英語,湯瑪斯,45,2019/1/8,08:10 ~ 10:00,70207,
107,1,906 國際語言文化中心,1,LC103,B1,英語（一）：基礎英語,安琪拉,22,2019/1/8,08:10 ~ 10:00,1204,
107,1,906 國際語言文化中心,1,LC103,B2,英語（一）：基礎英語,彭如玉,20,2019/1/8,08:10 ~ 10:00,2105,
107,1,906 國際語言文化中心,1,LC101,F2,英語（一）：進階英語,安琪拉,32,2019/1/8,10:10 ~ 12:00,1204,
107,1,906 國際語言文化中心,1,LC101,F1,英語（一）：進階英語,斯婁福,35,2019/1/8,10:10 ~ 12:00,3214,
107,1,906 國際語言文化中心,1,LC102,F1,英語（一）：中階英語,湯瑪斯,45,2019/1/8,10:10 ~ 12:00,70207,
107,1,906 國際語言文化中心,1,LC102,F3,英語（一）：中階英語,邱晏群,45,2019/1/8,10:10 ~ 12:00,2103,
107,1,906 國際語言文化中心,1,LC102,F2,英語（一）：中階英語,彭怡婷,37,2019/1/8,10:10 ~ 12:00,3212,請排平面教室
107,1,906 國際語言文化中心,1,LC103,F2,英語（一）：基礎英語,彭如玉,25,2019/1/8,10:10 ~ 12:00,2105,
107,1,906 國際語言文化中心,1,LC103,F1,英語（一）：基礎英語,歐陽雍,22,2019/1/8,10:10 ~ 12:00,70111,請排平面教室
107,1,906 國際語言文化中心,1,EL270,A,華語（三）,陳燕秋,17,2019/1/8,16:10 ~ 18:00,3214,
107,1,906 國際語言文化中心,1,EL170,A1,華語（一）,陳燕秋,35,2019/1/8,18:30 ~ 20:20,3214,
107,1,906 國際語言文化中心,1,EL171,B,華語（二）,林溫芳,15,2019/1/8,18:30 ~ 20:20,70209,
107,1,906 國際語言文化中心,1,EL271,A,華語（四）,賴芳暉,20,2019/1/9,16:10 ~ 18:00,2105,
107,1,906 國際語言文化中心,1,EL171,A1,華語（二）,賴芳暉,23,2019/1/9,18:30 ~ 20:20,2105,
107,1,906 國際語言文化中心,1,LC101,C1,英語（一）：進階英語,黃瓊瑩,34,2019/1/10,08:10 ~ 10:00,1202,
107,1,906 國際語言文化中心,1,LC102,C1,英語（一）：中階英語,斯婁福,29,2019/1/10,08:10 ~ 10:00,3214,
107,1,906 國際語言文化中心,1,LC102,C2,英語（一）：中階英語,黃郁蘭,28,2019/1/10,08:10 ~ 10:00,1204,
107,1,906 國際語言文化中心,1,LC103,C2,英語（一）：基礎英語,安琪拉,23,2019/1/10,08:10 ~ 10:00,70111,
107,1,906 國際語言文化中心,1,LC103,C1,英語（一）：基礎英語,周孟穎,28,2019/1/10,08:10 ~ 10:00,2103,
107,1,906 國際語言文化中心,1,LC103,C3,英語（一）：基礎英語,師德霖,22,2019/1/10,08:10 ~ 10:00,3207,
107,1,906 國際語言文化中心,1,LC101,G1,英語（一）：進階英語,師德霖,30,2019/1/10,10:10 ~ 12:00,3207,
107,1,906 國際語言文化中心,1,LC102,G2,英語（一）：中階英語,黃郁蘭,40,2019/1/10,10:10 ~ 12:00,1204,
107,1,906 國際語言文化中心,1,LC102,G3,英語（一）：中階英語,安琪拉,29,2019/1/10,10:10 ~ 12:00,70111,
107,1,906 國際語言文化中心,1,LC102,G1,英語（一）：中階英語,斯婁福,27,2019/1/10,10:10 ~ 12:00,3214,
107,1,906 國際語言文化中心,1,LC103,G1,英語（一）：基礎英語,周孟穎,24,2019/1/10,10:10 ~ 12:00,2103,
107,1,906 國際語言文化中心,1,LC103,G2,英語（一）：基礎英語,曾慶宇,26,2019/1/10,10:10 ~ 12:00,2104,
107,1,906 國際語言文化中心,1,LC103,G3,英語（一）：基礎英語,劉容秀,32,2019/1/10,10:10 ~ 12:00,1213,
107,1,906 國際語言文化中心,1,LC101,D2,英語（一）：進階英語,謝有厚,38,2019/1/11,08:10 ~ 10:00,3214,
107,1,906 國際語言文化中心,1,LC102,D1,英語（一）：中階英語,黃郁蘭,37,2019/1/11,08:10 ~ 10:00,3207,
107,1,906 國際語言文化中心,1,LC102,D3,英語（一）：中階英語,姜安貞,32,2019/1/11,08:10 ~ 10:00,1111,
107,1,906 國際語言文化中心,1,LC103,D2,英語（一）：基礎英語,郭怡潔,33,2019/1/11,08:10 ~ 10:00,1213,
107,1,906 國際語言文化中心,1,LC103,D4,英語（一）：基礎英語,呂介夫,26,2019/1/11,08:10 ~ 10:00,2104,
107,1,906 國際語言文化中心,1,LC103,D5,英語（一）：基礎英語,馮聲福,26,2019/1/11,08:10 ~ 10:00,70111,
107,1,906 國際語言文化中心,1,LC103,D3,英語（一）：基礎英語,張後姮,26,2019/1/11,08:10 ~ 10:00,1113,
107,1,906 國際語言文化中心,1,LC101,H1,英語（一）：進階英語,黃瓊瑩,40,2019/1/11,10:10 ~ 12:00,1211,
107,1,906 國際語言文化中心,1,LC102,H3,英語（一）：中階英語,姜安貞,34,2019/1/11,10:10 ~ 12:00,1111,
107,1,906 國際語言文化中心,1,LC102,H2,英語（一）：中階英語,謝有厚,39,2019/1/11,10:10 ~ 12:00,3214,
107,1,906 國際語言文化中心,1,LC102,H1,英語（一）：中階英語,黃郁蘭,37,2019/1/11,10:10 ~ 12:00,3207,
107,1,906 國際語言文化中心,1,LC103,H5,英語（一）：基礎英語,馮聲福,29,2019/1/11,10:10 ~ 12:00,70111,
107,1,906 國際語言文化中心,1,LC103,H2,英語（一）：基礎英語,郭怡潔,27,2019/1/11,10:10 ~ 12:00,1213,
107,1,906 國際語言文化中心,1,LC103,H3,英語（一）：基礎英語,張後姮,24,2019/1/11,10:10 ~ 12:00,1113,
107,1,906 國際語言文化中心,1,LC103,H4,英語（一）：基礎英語,呂介夫,27,2019/1/11,10:10 ~ 12:00,2104,
107,1,906 國際語言文化中心,1,EL371,A,華語（六）,林溫芳,5,2019/1/11,18:30 ~ 20:20,70111,
107,1,906 國際語言文化中心,2,EL311,A,法語（一）,游雪琴,47,2019/1/7,08:10 ~ 10:00,1109,
107,1,906 國際語言文化中心,2,EL313,B,法語（三）,游雪琴,20,2019/1/7,10:10 ~ 12:00,1109,
107,1,906 國際語言文化中心,2,EL138,E,日語（三）,余秋菊,44,2019/1/7,13:10 ~ 15:00,1213,
107,1,906 國際語言文化中心,2,EL220,A,影片中學英語,黃玉心,45,2019/1/7,13:10 ~ 15:00,3207,
107,1,906 國際語言文化中心,2,EL222,A,實用科技英文,謝欣芳,45,2019/1/7,13:10 ~ 15:00,2104,
107,1,906 國際語言文化中心,2,EL226,A,網路學英語,龐美華,45,2019/1/7,13:10 ~ 15:00,1205,
107,1,906 國際語言文化中心,2,EL260,A,應試加強班,朱宇聲,40,2019/1/7,13:10 ~ 15:00,2425,
107,1,906 國際語言文化中心,2,EL305,B,德語（三）,黃銘惇,15,2019/1/7,13:10 ~ 15:00,2101,
107,1,906 國際語言文化中心,2,EL321,B,西班牙語（一）,龔育緯,47,2019/1/7,13:10 ~ 15:00,1211,
107,1,906 國際語言文化中心,2,EL345,B,韓語（三）,許詩韻,34,2019/1/7,13:10 ~ 15:00,2603,
107,1,906 國際語言文化中心,2,EL112,A,日文會話,陳岐理,46,2019/1/7,15:10 ~ 17:00,2102,
107,1,906 國際語言文化中心,2,EL136,A,日語（一）,余秋菊,55,2019/1/7,15:10 ~ 17:00,1213,
107,1,906 國際語言文化中心,2,EL218,A,俄文（一）,龔育緯,26,2019/1/7,15:10 ~ 17:00,1211,
107,1,906 國際語言文化中心,2,EL223,E,媒體與新聞英文,謝欣芳,44,2019/1/7,15:10 ~ 17:00,2104,
107,1,906 國際語言文化中心,2,EL224,E,環球英語,朱宇聲,19,2019/1/7,15:10 ~ 17:00,2105,
107,1,906 國際語言文化中心,2,EL260,E,應試加強班,龐美華,44,2019/1/7,15:10 ~ 17:00,1109,
107,1,906 國際語言文化中心,2,EL303,A,德語（一）,黃銘惇,45,2019/1/7,15:10 ~ 17:00,2101,
107,1,906 國際語言文化中心,2,EL343,A,韓語（一）,許詩韻,53,2019/1/7,15:10 ~ 17:00,70201,
107,1,906 國際語言文化中心,2,EL321,A,西班牙語（一）,?松亞,47,2019/1/7,18:30 ~ 20:20,2113,
107,1,906 國際語言文化中心,2,EL136,B,日語（一）,張恆如,54,2019/1/8,13:10 ~ 15:00,1109,
107,1,906 國際語言文化中心,2,EL222,B1,實用科技英文,張幼珍,29,2019/1/8,13:10 ~ 15:00,3310、3212,除3310外，加排一間平面教室
107,1,906 國際語言文化中心,2,EL224,B,環球英語,謝有厚,45,2019/1/8,13:10 ~ 15:00,1111,
107,1,906 國際語言文化中心,2,EL232,B,IELTS 應試加強班,湯瑪斯,38,2019/1/8,13:10 ~ 15:00,2105,
107,1,906 國際語言文化中心,2,EL260,B1,應試加強班,黃瓊瑩,22,2019/1/8,13:10 ~ 15:00,2111,
107,1,906 國際語言文化中心,2,EL260,B,應試加強班,歐陽雍,45,2019/1/8,13:10 ~ 15:00,3214,請排平面教室
107,1,906 國際語言文化中心,2,EL138,F,日語（三）,張恆如,39,2019/1/8,15:10 ~ 17:00,1109,
107,1,906 國際語言文化中心,2,EL220,F,影片中學英語,謝有厚,44,2019/1/8,15:10 ~ 17:00,1111,
107,1,906 國際語言文化中心,2,EL222,F1,實用科技英文,張幼珍,27,2019/1/8,15:10 ~ 17:00,3310、3207,除3310外，加排一間平面教室
107,1,906 國際語言文化中心,2,EL223,F,媒體與新聞英文,師德霖,44,2019/1/8,15:10 ~ 17:00,2111,
107,1,906 國際語言文化中心,2,EL228,F,口語英文溝通,湯瑪斯,44,2019/1/8,15:10 ~ 17:00,2102,
107,1,906 國際語言文化中心,2,EL260,F,應試加強班,黃瓊瑩,21,2019/1/8,15:10 ~ 17:00,2113,
107,1,906 國際語言文化中心,2,EL331,A,西班牙語（三）,?松亞,34,2019/1/8,18:30 ~ 20:20,2101,
107,1,906 國際語言文化中心,2,EL136,E,日語（一）,吳淑圓,47,2019/1/9,08:10 ~ 10:00,1109,
107,1,906 國際語言文化中心,2,EL228,I1,口語英文溝通,師德霖,30,2019/1/9,08:10 ~ 10:00,2103,
107,1,906 國際語言文化中心,2,EL228,I2,口語英文溝通,安琪拉,27,2019/1/9,08:10 ~ 10:00,1202,
107,1,906 國際語言文化中心,2,EL136,F,日語（一）,吳淑圓,52,2019/1/9,10:10 ~ 12:00,1109,
107,1,906 國際語言文化中心,2,EL228,J2,口語英文溝通,安琪拉,29,2019/1/9,10:10 ~ 12:00,1202,
107,1,906 國際語言文化中心,2,EL228,J1,口語英文溝通,師德霖,27,2019/1/9,10:10 ~ 12:00,2103,
107,1,906 國際語言文化中心,2,EL161,C,日語（五）,張暖彗,29,2019/1/10,13:10 ~ 15:00,1109,
107,1,906 國際語言文化中心,2,EL221,C,英語文學與閱讀,劉季音,44,2019/1/10,13:10 ~ 15:00,1113,
107,1,906 國際語言文化中心,2,EL221,C1,英語文學與閱讀,斯婁福,27,2019/1/10,13:10 ~ 15:00,70209,請排平面教室
107,1,906 國際語言文化中心,2,EL223,C,媒體與新聞英文,安琪拉,45,2019/1/10,13:10 ~ 15:00,1204,
107,1,906 國際語言文化中心,2,EL224,C,環球英語,饒慧琳,36,2019/1/10,13:10 ~ 15:00,1211,
107,1,906 國際語言文化中心,2,EL227,C,實用英文寫作,曾慶宇,31,2019/1/10,13:10 ~ 15:00,2104,
107,1,906 國際語言文化中心,2,EL228,C,口語英文溝通,葉凱湞,45,2019/1/10,13:10 ~ 15:00,3207,
107,1,906 國際語言文化中心,2,EL260,C1,應試加強班,黃瓊瑩,45,2019/1/10,13:10 ~ 15:00,70111,
107,1,906 國際語言文化中心,2,EL260,C,應試加強班,呂家茵,45,2019/1/10,13:10 ~ 15:00,3104,
107,1,906 國際語言文化中心,2,EL291,C,泰語（一）,劉容秀,50,2019/1/10,13:10 ~ 15:00,1213,
107,1,906 國際語言文化中心,2,EL304,A,德語（二）,趙文萱,19,2019/1/10,13:10 ~ 15:00,2102,
107,1,906 國際語言文化中心,2,EL138,G,日語（三）,張暖彗,37,2019/1/10,15:10 ~ 17:00,1109,
107,1,906 國際語言文化中心,2,EL221,G1,英語文學與閱讀,斯婁福,30,2019/1/10,15:10 ~ 17:00,70209,請排平面教室
107,1,906 國際語言文化中心,2,EL221,G,英語文學與閱讀,劉季音,39,2019/1/10,15:10 ~ 17:00,1113,
107,1,906 國際語言文化中心,2,EL223,G,媒體與新聞英文,安琪拉,42,2019/1/10,15:10 ~ 17:00,1204,
107,1,906 國際語言文化中心,2,EL224,G,環球英語,饒慧琳,12,2019/1/10,15:10 ~ 17:00,1211,
107,1,906 國際語言文化中心,2,EL228,G,口語英文溝通,葉凱湞,44,2019/1/10,15:10 ~ 17:00,3207,
107,1,906 國際語言文化中心,2,EL260,G,應試加強班,黃瓊瑩,40,2019/1/10,15:10 ~ 17:00,70111,
107,1,906 國際語言文化中心,2,EL303,B,德語（一）,趙文萱,49,2019/1/10,15:10 ~ 17:00,2102,
107,1,906 國際語言文化中心,2,EL228,D1,口語英文溝通,湯瑪斯,23,2019/1/11,10:10 ~ 12:00,1202,請排平面教室
107,1,906 國際語言文化中心,2,EL138,B,日語（三）,陳宗元,25,2019/1/11,13:10 ~ 15:00,1109,
107,1,906 國際語言文化中心,2,EL220,D,影片中學英語,臧翎,44,2019/1/11,13:10 ~ 15:00,1204,
107,1,906 國際語言文化中心,2,EL222,D1,實用科技英文,林麗美,35,2019/1/11,13:10 ~ 15:00,2102,
107,1,906 國際語言文化中心,2,EL222,D3,實用科技英文,謝有厚,27,2019/1/11,13:10 ~ 15:00,3212,
107,1,906 國際語言文化中心,2,EL222,D2,實用科技英文,歐怡君,32,2019/1/11,13:10 ~ 15:00,3214,
107,1,906 國際語言文化中心,2,EL222,D,實用科技英文,簡洛汾,42,2019/1/11,13:10 ~ 15:00,2104,
107,1,906 國際語言文化中心,2,EL223,D,媒體與新聞英文,呂家茵,42,2019/1/11,13:10 ~ 15:00,70111,
107,1,906 國際語言文化中心,2,EL225,D,商業英語,許瑞玟,45,2019/1/11,13:10 ~ 15:00,1113,
107,1,906 國際語言文化中心,2,EL226,D,網路學英語,黃郁蘭,44,2019/1/11,13:10 ~ 15:00,1205,
107,1,906 國際語言文化中心,2,EL233,D,英語演說技巧,湯瑪斯,30,2019/1/11,13:10 ~ 15:00,70209,請排平面教室
107,1,906 國際語言文化中心,2,EL260,D1,應試加強班,黃瓊瑩,43,2019/1/11,13:10 ~ 15:00,2103,
107,1,906 國際語言文化中心,2,EL260,D,應試加強班,賴美智,44,2019/1/11,13:10 ~ 15:00,1202,
107,1,906 國際語言文化中心,2,EL136,D,日語（一）,陳宗元,40,2019/1/11,15:10 ~ 17:00,1109,
107,1,906 國際語言文化中心,2,EL220,H,影片中學英語,臧翎,44,2019/1/11,15:10 ~ 17:00,1204,
107,1,906 國際語言文化中心,2,EL222,H1,實用科技英文,林麗美,24,2019/1/11,15:10 ~ 17:00,2102,
107,1,906 國際語言文化中心,2,EL222,H,實用科技英文,簡洛汾,36,2019/1/11,15:10 ~ 17:00,2104,
107,1,906 國際語言文化中心,2,EL222,H2,實用科技英文,謝有厚,28,2019/1/11,15:10 ~ 17:00,3212,
107,1,906 國際語言文化中心,2,EL225,H,商業英語,許瑞玟,37,2019/1/11,15:10 ~ 17:00,1113,
107,1,906 國際語言文化中心,2,EL226,H,網路學英語,黃郁蘭,44,2019/1/11,15:10 ~ 17:00,1205,
107,1,906 國際語言文化中心,2,EL228,H,口語英文溝通,歐怡君,30,2019/1/11,15:10 ~ 17:00,3214,
107,1,906 國際語言文化中心,2,EL260,H,應試加強班,黃瓊瑩,45,2019/1/11,15:10 ~ 17:00,2103,
107,1,906 國際語言文化中心,2,EL260,H1,應試加強班,賴美智,37,2019/1/11,15:10 ~ 17:00,1202,
107,1,906 國際語言文化中心,2,EL281,A,越南語（一）,劉陳石草,11,2019/1/11,15:10 ~ 17:00,70111,
